-- --------------------------------------------------------
-- 호스트:                          127.0.0.1
-- 서버 버전:                        8.0.40 - MySQL Community Server - GPL
-- 서버 OS:                        Linux
-- HeidiSQL 버전:                  12.8.0.6908
-- --------------------------------------------------------

/*!40101 SET @OLD_CHARACTER_SET_CLIENT=@@CHARACTER_SET_CLIENT */;
/*!40101 SET NAMES utf8 */;
/*!50503 SET NAMES utf8mb4 */;
/*!40103 SET @OLD_TIME_ZONE=@@TIME_ZONE */;
/*!40103 SET TIME_ZONE='+00:00' */;
/*!40014 SET @OLD_FOREIGN_KEY_CHECKS=@@FOREIGN_KEY_CHECKS, FOREIGN_KEY_CHECKS=0 */;
/*!40101 SET @OLD_SQL_MODE=@@SQL_MODE, SQL_MODE='NO_AUTO_VALUE_ON_ZERO' */;
/*!40111 SET @OLD_SQL_NOTES=@@SQL_NOTES, SQL_NOTES=0 */;


-- kit_crm 데이터베이스 구조 내보내기
CREATE DATABASE IF NOT EXISTS `kit_crm` /*!40100 DEFAULT CHARACTER SET utf8mb4 COLLATE utf8mb4_unicode_ci */ /*!80016 DEFAULT ENCRYPTION='N' */;
USE `kit_crm`;

-- 테이블 kit_crm.login_failure 구조 내보내기
CREATE TABLE IF NOT EXISTS `login_failure` (
  `login_failure_idx` bigint NOT NULL AUTO_INCREMENT COMMENT '순번',
  `system_gubun` varchar(10) CHARACTER SET utf8mb4 COLLATE utf8mb4_unicode_ci DEFAULT NULL COMMENT '시스템구분',
  `user_idx` int NOT NULL DEFAULT '0' COMMENT '사용자(USER)',
  `userid` varchar(35) CHARACTER SET utf8mb4 COLLATE utf8mb4_unicode_ci NOT NULL DEFAULT '' COMMENT '아이디',
  `user_ip` varchar(30) CHARACTER SET utf8mb4 COLLATE utf8mb4_unicode_ci NOT NULL DEFAULT '' COMMENT '사용자아이피',
  `reg_userid` varchar(35) CHARACTER SET utf8mb4 COLLATE utf8mb4_unicode_ci NOT NULL DEFAULT 'SYSTEM' COMMENT '등록자',
  `reg_dt` datetime DEFAULT NULL COMMENT '등록일',
  `mod_userid` varchar(35) CHARACTER SET utf8mb4 COLLATE utf8mb4_unicode_ci DEFAULT NULL COMMENT '수정자',
  `mod_dt` datetime DEFAULT NULL COMMENT '수정일',
  `mod_ip` varchar(20) CHARACTER SET utf8mb4 COLLATE utf8mb4_unicode_ci DEFAULT NULL COMMENT '수정IP',
  `del_userid` varchar(35) CHARACTER SET utf8mb4 COLLATE utf8mb4_unicode_ci DEFAULT NULL COMMENT '삭제자',
  `del_dt` datetime DEFAULT NULL COMMENT '삭제일',
  `del_ip` varchar(20) CHARACTER SET utf8mb4 COLLATE utf8mb4_unicode_ci DEFAULT NULL COMMENT '삭제IP',
  `del_yn` enum('Y','N') CHARACTER SET utf8mb4 COLLATE utf8mb4_unicode_ci NOT NULL DEFAULT 'N' COMMENT '삭제여부',
  PRIMARY KEY (`login_failure_idx`)
) ENGINE=InnoDB DEFAULT CHARSET=utf8mb4 COLLATE=utf8mb4_unicode_ci COMMENT='로그인실패로그';

-- 테이블 데이터 kit_crm.login_failure:~0 rows (대략적) 내보내기

-- 테이블 kit_crm.login_log 구조 내보내기
CREATE TABLE IF NOT EXISTS `login_log` (
  `login_log_idx` bigint NOT NULL AUTO_INCREMENT COMMENT '일련번호',
  `system_gubun` varchar(10) CHARACTER SET utf8mb4 COLLATE utf8mb4_unicode_ci DEFAULT NULL COMMENT '시스템구분',
  `user_idx` int NOT NULL DEFAULT '0' COMMENT '사용자(USER)',
  `userid` varchar(35) CHARACTER SET utf8mb4 COLLATE utf8mb4_unicode_ci NOT NULL DEFAULT '' COMMENT '아이디',
  `user_ip` varchar(20) CHARACTER SET utf8mb4 COLLATE utf8mb4_unicode_ci NOT NULL DEFAULT '' COMMENT 'IP주소',
  `refer` varchar(250) CHARACTER SET utf8mb4 COLLATE utf8mb4_unicode_ci DEFAULT NULL COMMENT '이전페이지',
  `user_agent` varchar(250) CHARACTER SET utf8mb4 COLLATE utf8mb4_unicode_ci DEFAULT NULL COMMENT 'agent',
  `login_yn` enum('Y','N') CHARACTER SET utf8mb4 COLLATE utf8mb4_unicode_ci NOT NULL DEFAULT 'Y' COMMENT '로그인 : y, 로그아웃 : n',
  `reg_userid` varchar(35) CHARACTER SET utf8mb4 COLLATE utf8mb4_unicode_ci NOT NULL DEFAULT 'SYSTEM' COMMENT '등록자',
  `reg_dt` datetime DEFAULT NULL COMMENT '등록일',
  `mod_userid` varchar(35) CHARACTER SET utf8mb4 COLLATE utf8mb4_unicode_ci DEFAULT NULL COMMENT '수정자',
  `mod_dt` datetime DEFAULT NULL COMMENT '수정일',
  `mod_ip` varchar(20) CHARACTER SET utf8mb4 COLLATE utf8mb4_unicode_ci DEFAULT NULL COMMENT '수정IP',
  `del_userid` varchar(35) CHARACTER SET utf8mb4 COLLATE utf8mb4_unicode_ci DEFAULT NULL COMMENT '삭제자',
  `del_dt` datetime DEFAULT NULL COMMENT '삭제일',
  `del_ip` varchar(20) CHARACTER SET utf8mb4 COLLATE utf8mb4_unicode_ci DEFAULT NULL COMMENT '삭제IP',
  `del_yn` enum('Y','N') CHARACTER SET utf8mb4 COLLATE utf8mb4_unicode_ci NOT NULL DEFAULT 'N' COMMENT '삭제여부',
  PRIMARY KEY (`login_log_idx`)
) ENGINE=InnoDB DEFAULT CHARSET=utf8mb4 COLLATE=utf8mb4_unicode_ci COMMENT='로그인이력';

-- 테이블 데이터 kit_crm.login_log:~0 rows (대략적) 내보내기

-- 테이블 kit_crm.main_menu 구조 내보내기
CREATE TABLE IF NOT EXISTS `main_menu` (
  `main_menu_idx` int NOT NULL AUTO_INCREMENT COMMENT '대메뉴코드',
  `main_menu_nm` varchar(32) CHARACTER SET utf8mb4 COLLATE utf8mb4_unicode_ci DEFAULT NULL COMMENT '대메뉴명',
  `main_menu_path` varchar(255) CHARACTER SET utf8mb4 COLLATE utf8mb4_unicode_ci DEFAULT NULL COMMENT '대메뉴주소',
  `main_menu_key` varchar(255) CHARACTER SET utf8mb4 COLLATE utf8mb4_unicode_ci DEFAULT NULL,
  `is_table` enum('Y','N') CHARACTER SET utf8mb4 COLLATE utf8mb4_unicode_ci DEFAULT 'N',
  `main_menu_sort` int NOT NULL DEFAULT '0' COMMENT '대메뉴정렬',
  `main_menu_icon` varchar(128) CHARACTER SET utf8mb4 COLLATE utf8mb4_unicode_ci DEFAULT '' COMMENT '메인 메뉴 아이콘',
  `reg_userid` varchar(32) CHARACTER SET utf8mb4 COLLATE utf8mb4_unicode_ci DEFAULT '' COMMENT '등록자',
  `reg_dt` datetime DEFAULT NULL COMMENT '등록일',
  `reg_ip` varchar(20) CHARACTER SET utf8mb4 COLLATE utf8mb4_unicode_ci DEFAULT NULL COMMENT '등록 IP',
  `mod_userid` varchar(32) CHARACTER SET utf8mb4 COLLATE utf8mb4_unicode_ci DEFAULT '' COMMENT '수정자',
  `mod_dt` datetime DEFAULT NULL COMMENT '수정일',
  `mod_ip` varchar(20) CHARACTER SET utf8mb4 COLLATE utf8mb4_unicode_ci DEFAULT NULL COMMENT '수정 IP',
  `del_userid` varchar(32) CHARACTER SET utf8mb4 COLLATE utf8mb4_unicode_ci DEFAULT '' COMMENT '삭제자',
  `del_dt` datetime DEFAULT NULL COMMENT '삭제일',
  `del_ip` varchar(20) CHARACTER SET utf8mb4 COLLATE utf8mb4_unicode_ci DEFAULT NULL COMMENT '삭제 IP',
  `del_yn` enum('Y','N') CHARACTER SET utf8mb4 COLLATE utf8mb4_unicode_ci NOT NULL DEFAULT 'N' COMMENT '삭제여부',
  PRIMARY KEY (`main_menu_idx`)
) ENGINE=InnoDB AUTO_INCREMENT=70 DEFAULT CHARSET=utf8mb4 COLLATE=utf8mb4_unicode_ci COMMENT='대메뉴';

-- 테이블 데이터 kit_crm.main_menu:~4 rows (대략적) 내보내기
INSERT INTO `main_menu` (`main_menu_idx`, `main_menu_nm`, `main_menu_path`, `main_menu_key`, `is_table`, `main_menu_sort`, `main_menu_icon`, `reg_userid`, `reg_dt`, `reg_ip`, `mod_userid`, `mod_dt`, `mod_ip`, `del_userid`, `del_dt`, `del_ip`, `del_yn`) VALUES
	(3, 'Settings', 'settings', 'Settings', 'N', 1, '/new_images/top_menu_icon_02.gif', 'peterig', '2007-12-27 10:04:51', NULL, 'autofocus', '2024-08-21 00:05:16', NULL, 'peterig', '2024-08-21 00:05:16', NULL, 'N'),
	(4, 'Code Management', 'codes', 'Codes', 'N', 2, '/new_images/top_menu_icon_02.gif', 'autofocus', '2024-08-19 10:04:51', NULL, '', '2024-08-20 18:57:31', NULL, '', '2024-08-20 18:57:31', NULL, 'N'),
	(68, 'Customer Management', 'customers', 'Customers', 'N', 3, '/new_images/top_menu_icon_02.gif', 'autofocus', '2024-08-19 10:04:51', NULL, '', NULL, NULL, '', NULL, NULL, 'N'),
	(69, 'Test Drive Vehicle Management', 'cars', 'Cars', 'N', 4, '/new_images/top_menu_icon_02.gif', 'autofocus', '2024-08-19 10:04:51', NULL, '', NULL, NULL, '', NULL, NULL, 'N');

-- 테이블 kit_crm.sub_menu 구조 내보내기
CREATE TABLE IF NOT EXISTS `sub_menu` (
  `sub_menu_idx` int NOT NULL AUTO_INCREMENT COMMENT '중메뉴코드',
  `main_menu_idx` int NOT NULL DEFAULT '0' COMMENT '대메뉴코드',
  `sub_menu_nm` varchar(32) CHARACTER SET utf8mb4 COLLATE utf8mb4_unicode_ci DEFAULT '' COMMENT '중메뉴명',
  `sub_menu_path` varchar(255) CHARACTER SET utf8mb4 COLLATE utf8mb4_unicode_ci DEFAULT '' COMMENT '중메뉴주소',
  `sub_menu_key` varchar(200) CHARACTER SET utf8mb4 COLLATE utf8mb4_unicode_ci DEFAULT NULL,
  `sub_menu_gb` enum('M','D','S','C','P') CHARACTER SET utf8mb4 COLLATE utf8mb4_unicode_ci DEFAULT 'M' COMMENT '메뉴구분 본사,총판,서플라이,서비스센타',
  `sub_menu_sort` int NOT NULL DEFAULT '0' COMMENT '중메뉴정렬',
  `dlr_menu_auth_yn` enum('Y','N') CHARACTER SET utf8mb4 COLLATE utf8mb4_unicode_ci NOT NULL DEFAULT 'N' COMMENT '딜러메뉴권한보임',
  `reg_userid` varchar(32) CHARACTER SET utf8mb4 COLLATE utf8mb4_unicode_ci DEFAULT NULL COMMENT '등록자',
  `reg_dt` datetime DEFAULT NULL COMMENT '등록일',
  `reg_ip` varchar(20) CHARACTER SET utf8mb4 COLLATE utf8mb4_unicode_ci DEFAULT NULL COMMENT '등록 IP',
  `mod_userid` varchar(32) CHARACTER SET utf8mb4 COLLATE utf8mb4_unicode_ci DEFAULT NULL COMMENT '수정자',
  `mod_dt` datetime DEFAULT NULL COMMENT '수정일',
  `mod_ip` varchar(20) CHARACTER SET utf8mb4 COLLATE utf8mb4_unicode_ci DEFAULT NULL COMMENT '수정 IP',
  `del_userid` varchar(32) CHARACTER SET utf8mb4 COLLATE utf8mb4_unicode_ci DEFAULT NULL COMMENT '삭제자',
  `del_dt` datetime DEFAULT NULL COMMENT '삭제일',
  `del_ip` varchar(20) CHARACTER SET utf8mb4 COLLATE utf8mb4_unicode_ci DEFAULT NULL COMMENT '삭제 IP',
  `del_yn` enum('Y','N') CHARACTER SET utf8mb4 COLLATE utf8mb4_unicode_ci NOT NULL DEFAULT 'N' COMMENT '삭제여부',
  PRIMARY KEY (`sub_menu_idx`)
) ENGINE=InnoDB AUTO_INCREMENT=707 DEFAULT CHARSET=utf8mb4 COLLATE=utf8mb4_unicode_ci COMMENT='중메뉴';

-- 테이블 데이터 kit_crm.sub_menu:~19 rows (대략적) 내보내기
INSERT INTO `sub_menu` (`sub_menu_idx`, `main_menu_idx`, `sub_menu_nm`, `sub_menu_path`, `sub_menu_key`, `sub_menu_gb`, `sub_menu_sort`, `dlr_menu_auth_yn`, `reg_userid`, `reg_dt`, `reg_ip`, `mod_userid`, `mod_dt`, `mod_ip`, `del_userid`, `del_dt`, `del_ip`, `del_yn`) VALUES
	(1, 3, 'Main Menu Management', 'menus/mains', 'MenusMains', 'M', 1, 'N', 'peterig', '2007-12-27 10:15:47', NULL, 'peterig', '2024-08-13 14:41:28', NULL, 'peterig', '2024-08-13 14:41:28', NULL, 'N'),
	(2, 3, 'Submenu Management', 'menus/subs', 'MenusSubs', 'M', 2, 'N', 'peterig', '2007-12-27 10:22:13', NULL, 'peterig', '2024-08-12 10:55:58', NULL, 'peterig', '2024-08-12 10:55:58', NULL, 'N'),
	(3, 3, 'Dealer Management', 'dealers', 'Dealers', 'M', 3, 'N', 'peterig', '2007-12-27 10:22:40', NULL, 'peterig', '2024-08-21 18:45:08', NULL, 'peterig', '2024-08-21 18:45:08', NULL, 'N'),
	(4, 3, 'User Menu Permissions', 'users/menus', 'UsersMenus', 'M', 4, 'N', 'peterig', '2007-12-27 10:23:08', NULL, 'peterig', '2007-12-27 10:23:22', NULL, '', NULL, NULL, 'N'),
	(5, 3, 'Edit User', 'users', 'Users', 'M', 5, 'N', 'peterig', '2007-12-27 10:23:08', NULL, 'peterig', '2007-12-27 10:23:22', NULL, '', NULL, NULL, 'N'),
	(6, 3, 'Organization Management', 'depts', 'Depts', 'M', 6, 'N', 'autofocus', NULL, NULL, '', NULL, NULL, '', NULL, NULL, 'N'),
	(7, 3, 'Approval Lines (Not available)', 'approvallines', 'ApprovalLines', 'M', 7, 'N', 'autofocus', '2024-08-19 10:04:51', NULL, NULL, '2024-08-19 10:04:51', NULL, NULL, '2024-08-19 10:04:51', NULL, 'N'),
	(8, 4, 'Customer Code', 'customer', 'Customer', 'M', 8, 'N', 'autofocus', '2024-08-19 10:04:51', NULL, NULL, '2024-08-19 10:04:51', NULL, NULL, '2024-08-19 10:04:51', NULL, 'N'),
	(693, 68, 'Customer Lookup', 'list', 'List', 'M', 9, 'N', 'autofocus', '2024-08-19 10:04:51', NULL, NULL, NULL, NULL, NULL, NULL, NULL, 'N'),
	(694, 68, 'Customer Group', 'groups', 'Groups', 'M', 10, 'N', 'autofocus', '2024-08-19 10:04:51', NULL, NULL, NULL, NULL, NULL, NULL, NULL, 'N'),
	(695, 68, 'Customer Group Assignment', 'group-assign', 'GroupAssign', 'M', 11, 'N', 'autofocus', '2024-08-19 10:04:51', NULL, NULL, NULL, NULL, NULL, NULL, NULL, 'N'),
	(696, 68, 'Customers to Transfer', 'relocateto', 'RelocateTo', 'M', 12, 'N', 'autofocus', '2024-08-19 10:04:51', NULL, NULL, NULL, NULL, NULL, NULL, NULL, 'N'),
	(697, 68, 'Transferred Customers', 'relocatedfrom', 'RelocatedFrom', 'M', 13, 'N', 'autofocus', '2024-08-19 10:04:51', NULL, NULL, NULL, NULL, NULL, NULL, NULL, 'N'),
	(700, 68, 'Expected Purchase Customers', 'expectations/purchases', 'ExpectationsPurchases', 'M', 16, 'N', 'autofocus', '2024-08-28 10:04:51', NULL, NULL, NULL, NULL, NULL, NULL, NULL, 'N'),
	(701, 4, 'Exterior Color Code', 'ext-colors', 'ExtColors', 'M', 8, 'N', 'autofocus', '2024-08-19 10:04:51', NULL, NULL, '2024-08-19 10:04:51', NULL, NULL, '2024-08-19 10:04:51', NULL, 'N'),
	(702, 4, 'Interior Color Code', 'int-colors', 'IntColors', 'M', 8, 'N', 'autofocus', '2024-08-19 10:04:51', NULL, NULL, '2024-08-19 10:04:51', NULL, NULL, '2024-08-19 10:04:51', NULL, 'N'),
	(703, 69, 'Test Drive Vehicle Management', 'dealer-stocks', 'DealerStocks', 'M', 8, 'N', 'autofocus', '2024-08-19 10:04:51', NULL, NULL, '2024-08-19 10:04:51', NULL, NULL, '2024-08-19 10:04:51', NULL, 'N'),
	(704, 69, 'VIN Search', 'vins', 'Vins', 'M', 7, 'N', 'autofocus', '2024-08-19 10:04:51', NULL, NULL, '2024-08-19 10:04:51', NULL, NULL, '2024-08-19 10:04:51', NULL, 'N'),
	(705, 69, 'Test Drive Schedule Management', 'test-drives', 'TestDrives', 'M', 7, 'N', 'autofocus', '2024-08-19 10:04:51', NULL, NULL, '2024-08-19 10:04:51', NULL, NULL, '2024-08-19 10:04:51', NULL, 'N');

-- 테이블 kit_crm.user_menu_auth 구조 내보내기
CREATE TABLE IF NOT EXISTS `user_menu_auth` (
  `user_menu_auth_idx` int NOT NULL AUTO_INCREMENT COMMENT '사용자권한메뉴코드',
  `yn_lst` enum('Y','N') CHARACTER SET utf8mb4 COLLATE utf8mb4_unicode_ci NOT NULL DEFAULT 'N' COMMENT '목록권한',
  `yn_int` enum('Y','N') CHARACTER SET utf8mb4 COLLATE utf8mb4_unicode_ci NOT NULL DEFAULT 'N' COMMENT '등록권한',
  `yn_mod` enum('Y','N') CHARACTER SET utf8mb4 COLLATE utf8mb4_unicode_ci NOT NULL DEFAULT 'N' COMMENT '수정권한',
  `yn_del` enum('Y','N') CHARACTER SET utf8mb4 COLLATE utf8mb4_unicode_ci NOT NULL DEFAULT 'N' COMMENT '삭제권한',
  `yn_xls` enum('Y','N') CHARACTER SET utf8mb4 COLLATE utf8mb4_unicode_ci NOT NULL DEFAULT 'N' COMMENT '엑셀권한',
  `sub_menu_idx` int NOT NULL COMMENT '중메뉴코드',
  `user_idx` bigint NOT NULL,
  `userid` varchar(32) CHARACTER SET utf8mb4 COLLATE utf8mb4_unicode_ci DEFAULT NULL COMMENT '사용자아이디',
  `reason` varchar(255) CHARACTER SET utf8mb4 COLLATE utf8mb4_unicode_ci DEFAULT NULL COMMENT '변경사유',
  `dealer_cd` int DEFAULT NULL COMMENT '딜러코드',
  `reg_userid` varchar(32) CHARACTER SET utf8mb4 COLLATE utf8mb4_unicode_ci DEFAULT NULL COMMENT '등록자',
  `reg_dt` datetime DEFAULT NULL COMMENT '등록일',
  `reg_ip` varchar(20) CHARACTER SET utf8mb4 COLLATE utf8mb4_unicode_ci DEFAULT NULL COMMENT '등록IP',
  `mod_userid` varchar(32) CHARACTER SET utf8mb4 COLLATE utf8mb4_unicode_ci DEFAULT NULL COMMENT '수정자',
  `mod_dt` datetime DEFAULT NULL COMMENT '수정일',
  `mod_ip` varchar(20) CHARACTER SET utf8mb4 COLLATE utf8mb4_unicode_ci DEFAULT NULL COMMENT '수정IP',
  `del_userid` varchar(32) CHARACTER SET utf8mb4 COLLATE utf8mb4_unicode_ci DEFAULT NULL COMMENT '삭제자',
  `del_dt` datetime DEFAULT NULL COMMENT '삭제일',
  `del_ip` varchar(20) CHARACTER SET utf8mb4 COLLATE utf8mb4_unicode_ci DEFAULT NULL COMMENT '삭제IP',
  `del_yn` enum('Y','N') CHARACTER SET utf8mb4 COLLATE utf8mb4_unicode_ci DEFAULT 'N' COMMENT '삭제여부',
  PRIMARY KEY (`user_menu_auth_idx`) USING BTREE,
  UNIQUE KEY `sub_menu_idx_user_idx` (`sub_menu_idx`,`user_idx`)
) ENGINE=InnoDB AUTO_INCREMENT=359 DEFAULT CHARSET=utf8mb4 COLLATE=utf8mb4_unicode_ci COMMENT='사용자메뉴권한';

-- 테이블 데이터 kit_crm.user_menu_auth:~295 rows (대략적) 내보내기
INSERT INTO `user_menu_auth` (`user_menu_auth_idx`, `yn_lst`, `yn_int`, `yn_mod`, `yn_del`, `yn_xls`, `sub_menu_idx`, `user_idx`, `userid`, `reason`, `dealer_cd`, `reg_userid`, `reg_dt`, `reg_ip`, `mod_userid`, `mod_dt`, `mod_ip`, `del_userid`, `del_dt`, `del_ip`, `del_yn`) VALUES
	(1, 'Y', 'Y', 'Y', 'Y', 'Y', 1, 11, '', '권한 복사 from 사용자 IDX : 1', 1, 'john.doe@example.com', '2024-08-02 16:49:21', '', 'john.doe@example.com', '2024-09-05 11:06:01', '', '', NULL, '', 'N'),
	(2, 'Y', 'Y', 'Y', 'Y', 'Y', 2, 2, '', '권한 복사 from 사용자 IDX : 11', 1, 'john.doe@example.com', '2024-08-06 18:06:01', '', 'john.doe@example.com', '2024-08-06 18:06:01', '', '', NULL, '', 'N'),
	(9, 'N', 'N', 'Y', 'Y', 'Y', 1, 2, '', '권한 복사 from 사용자 IDX : 11', 1, '', '2024-08-06 18:06:01', '', 'john.doe@example.com', '2024-08-06 18:06:01', '', '', NULL, '', 'N'),
	(10, 'Y', 'Y', 'Y', 'Y', 'Y', 1, 6, '', '권한 복사 from 사용자 IDX : 1', NULL, 'mice3@example.com', '2024-08-06 18:06:31', '', 'john.doe@example.com', '2024-10-30 23:54:27', '', '', NULL, '', 'N'),
	(11, 'Y', 'Y', 'Y', 'Y', 'Y', 2, 6, '', '권한 복사 from 사용자 IDX : 1', NULL, 'mice3@example.com', '2024-08-06 18:06:31', '', 'john.doe@example.com', '2024-10-30 23:54:27', '', '', NULL, '', 'N'),
	(12, 'Y', 'Y', 'Y', 'Y', 'Y', 3, 6, '', '권한 복사 from 사용자 IDX : 1', NULL, 'mice3@example.com', '2024-08-06 18:06:31', '', 'john.doe@example.com', '2024-10-30 23:54:27', '', '', NULL, '', 'N'),
	(13, 'N', 'N', 'N', 'N', 'N', 4, 6, '', '권한 복사 from 사용자 IDX : 1', NULL, 'mice3@example.com', '2024-08-06 18:06:31', '', 'john.doe@example.com', '2024-10-30 23:54:27', '', '', NULL, '', 'N'),
	(14, 'Y', 'Y', 'Y', 'Y', 'Y', 5, 6, '', '권한 복사 from 사용자 IDX : 1', NULL, 'mice3@example.com', '2024-08-06 18:06:31', '', 'john.doe@example.com', '2024-10-30 23:54:27', '', '', NULL, '', 'N'),
	(15, 'N', 'N', 'N', 'N', 'N', 6, 6, '', '권한 복사 from 사용자 IDX : 1', NULL, 'mice3@example.com', '2024-08-06 18:06:31', '', 'john.doe@example.com', '2024-10-30 23:54:27', '', '', NULL, '', 'N'),
	(27, 'Y', 'Y', 'Y', 'Y', 'Y', 2, 11, NULL, '권한 복사 from 사용자 IDX : 1', NULL, 'john.doe@example.com', '2024-08-06 15:36:06', NULL, 'john.doe@example.com', '2024-09-05 11:06:01', NULL, NULL, NULL, NULL, 'N'),
	(28, 'Y', 'Y', 'Y', 'Y', 'Y', 3, 11, NULL, '권한 복사 from 사용자 IDX : 1', NULL, 'john.doe@example.com', '2024-08-06 15:36:06', NULL, 'john.doe@example.com', '2024-09-05 11:06:01', NULL, NULL, NULL, NULL, 'N'),
	(29, 'Y', 'Y', 'Y', 'Y', 'Y', 4, 11, NULL, '권한 복사 from 사용자 IDX : 1', NULL, 'john.doe@example.com', '2024-08-06 15:36:06', NULL, 'john.doe@example.com', '2024-09-05 11:06:01', NULL, NULL, NULL, NULL, 'N'),
	(30, 'Y', 'Y', 'Y', 'Y', 'Y', 5, 11, NULL, '권한 복사 from 사용자 IDX : 1', NULL, 'john.doe@example.com', '2024-08-06 15:36:06', NULL, 'john.doe@example.com', '2024-09-05 11:06:01', NULL, NULL, NULL, NULL, 'N'),
	(31, 'Y', 'Y', 'Y', 'Y', 'Y', 6, 11, NULL, '권한 복사 from 사용자 IDX : 1', NULL, 'john.doe@example.com', '2024-08-06 15:36:07', NULL, 'john.doe@example.com', '2024-09-05 11:06:01', NULL, NULL, NULL, NULL, 'N'),
	(32, 'Y', 'Y', 'Y', 'Y', 'Y', 1, 10, NULL, '권한 복사 from 사용자 IDX : 1', NULL, 'john.doe@example.com', '2024-08-06 15:51:00', NULL, 'john.doe@example.com', '2024-09-06 16:15:11', NULL, NULL, NULL, NULL, 'N'),
	(33, 'Y', 'Y', 'Y', 'Y', 'Y', 2, 10, NULL, '권한 복사 from 사용자 IDX : 1', NULL, 'john.doe@example.com', '2024-08-06 15:51:00', NULL, 'john.doe@example.com', '2024-09-06 16:15:11', NULL, NULL, NULL, NULL, 'N'),
	(34, 'Y', 'Y', 'Y', 'Y', 'Y', 3, 10, NULL, '권한 복사 from 사용자 IDX : 1', NULL, 'john.doe@example.com', '2024-08-06 15:51:00', NULL, 'john.doe@example.com', '2024-09-06 16:15:11', NULL, NULL, NULL, NULL, 'N'),
	(35, 'Y', 'Y', 'Y', 'Y', 'Y', 4, 10, NULL, '권한 복사 from 사용자 IDX : 1', NULL, 'john.doe@example.com', '2024-08-06 15:51:00', NULL, 'john.doe@example.com', '2024-09-06 16:15:11', NULL, NULL, NULL, NULL, 'N'),
	(36, 'Y', 'Y', 'Y', 'Y', 'Y', 5, 10, NULL, '권한 복사 from 사용자 IDX : 1', NULL, 'john.doe@example.com', '2024-08-06 15:51:00', NULL, 'john.doe@example.com', '2024-09-06 16:15:11', NULL, NULL, NULL, NULL, 'N'),
	(37, 'Y', 'Y', 'Y', 'Y', 'Y', 6, 10, NULL, '권한 복사 from 사용자 IDX : 1', NULL, 'john.doe@example.com', '2024-08-06 15:51:00', NULL, 'john.doe@example.com', '2024-09-06 16:15:11', NULL, NULL, NULL, NULL, 'N'),
	(38, 'Y', 'Y', 'Y', 'Y', 'Y', 1, 9, NULL, '권한 복사 from 사용자 IDX : 1', NULL, 'john.doe@example.com', '2024-08-26 14:08:56', NULL, 'john.doe@example.com', '2024-09-06 16:15:24', NULL, NULL, NULL, NULL, NULL),
	(39, 'Y', 'Y', 'Y', 'Y', 'Y', 2, 9, NULL, '권한 복사 from 사용자 IDX : 1', NULL, 'john.doe@example.com', '2024-08-26 14:08:56', NULL, 'john.doe@example.com', '2024-09-06 16:15:24', NULL, NULL, NULL, NULL, NULL),
	(40, 'Y', 'Y', 'Y', 'Y', 'Y', 3, 9, NULL, '권한 복사 from 사용자 IDX : 1', NULL, 'john.doe@example.com', '2024-08-26 14:08:56', NULL, 'john.doe@example.com', '2024-09-06 16:15:24', NULL, NULL, NULL, NULL, NULL),
	(41, 'Y', 'Y', 'Y', 'Y', 'Y', 4, 9, NULL, '권한 복사 from 사용자 IDX : 1', NULL, 'john.doe@example.com', '2024-08-26 14:08:56', NULL, 'john.doe@example.com', '2024-09-06 16:15:24', NULL, NULL, NULL, NULL, NULL),
	(42, 'Y', 'Y', 'Y', 'Y', 'Y', 5, 9, NULL, '권한 복사 from 사용자 IDX : 1', NULL, 'john.doe@example.com', '2024-08-26 14:08:56', NULL, 'john.doe@example.com', '2024-09-06 16:15:24', NULL, NULL, NULL, NULL, NULL),
	(43, 'Y', 'Y', 'Y', 'Y', 'Y', 6, 9, NULL, '권한 복사 from 사용자 IDX : 1', NULL, 'john.doe@example.com', '2024-08-26 14:08:56', NULL, 'john.doe@example.com', '2024-09-06 16:15:24', NULL, NULL, NULL, NULL, NULL),
	(44, 'Y', 'Y', 'Y', 'Y', 'Y', 1, 7, NULL, '권한 복사 from 사용자 IDX : 3', NULL, 'mice4@example.com', '2024-08-09 00:08:39', NULL, 'mice3@example.com', '2024-10-30 23:31:00', NULL, NULL, NULL, NULL, NULL),
	(45, 'Y', 'Y', 'Y', 'Y', 'Y', 2, 7, NULL, '권한 복사 from 사용자 IDX : 3', NULL, 'mice4@example.com', '2024-08-09 00:08:39', NULL, 'mice3@example.com', '2024-10-30 23:31:00', NULL, NULL, NULL, NULL, NULL),
	(46, 'Y', 'Y', 'Y', 'Y', 'Y', 3, 7, NULL, '권한 복사 from 사용자 IDX : 3', NULL, 'mice4@example.com', '2024-08-09 00:08:39', NULL, 'mice3@example.com', '2024-10-30 23:31:00', NULL, NULL, NULL, NULL, NULL),
	(47, 'Y', 'Y', 'Y', 'Y', 'Y', 4, 7, NULL, '권한 복사 from 사용자 IDX : 3', NULL, 'mice4@example.com', '2024-08-09 00:08:39', NULL, 'mice3@example.com', '2024-10-30 23:31:00', NULL, NULL, NULL, NULL, NULL),
	(48, 'Y', 'Y', 'Y', 'Y', 'Y', 5, 7, NULL, '권한 복사 from 사용자 IDX : 3', NULL, 'mice4@example.com', '2024-08-09 00:08:39', NULL, 'mice3@example.com', '2024-10-30 23:31:00', NULL, NULL, NULL, NULL, NULL),
	(49, 'Y', 'Y', 'Y', 'Y', 'Y', 6, 7, NULL, '권한 복사 from 사용자 IDX : 3', NULL, 'mice4@example.com', '2024-08-09 00:08:39', NULL, 'mice3@example.com', '2024-10-30 23:31:00', NULL, NULL, NULL, NULL, NULL),
	(50, 'Y', 'Y', 'Y', 'Y', 'Y', 1, 4, NULL, '권한 복사 from 사용자 IDX : 1', NULL, 'john.doe@example.com', '2024-08-06 15:50:11', NULL, 'john.doe@example.com', '2024-09-06 16:16:16', NULL, NULL, NULL, NULL, NULL),
	(51, 'Y', 'Y', 'Y', 'Y', 'Y', 2, 4, NULL, '권한 복사 from 사용자 IDX : 1', NULL, 'john.doe@example.com', '2024-08-06 15:50:11', NULL, 'john.doe@example.com', '2024-09-06 16:16:16', NULL, NULL, NULL, NULL, NULL),
	(52, 'Y', 'Y', 'Y', 'Y', 'Y', 3, 4, NULL, '권한 복사 from 사용자 IDX : 1', NULL, 'john.doe@example.com', '2024-08-06 15:50:11', NULL, 'john.doe@example.com', '2024-09-06 16:16:16', NULL, NULL, NULL, NULL, NULL),
	(53, 'Y', 'Y', 'Y', 'Y', 'Y', 4, 4, NULL, '권한 복사 from 사용자 IDX : 1', NULL, 'john.doe@example.com', '2024-08-06 15:50:11', NULL, 'john.doe@example.com', '2024-09-06 16:16:16', NULL, NULL, NULL, NULL, NULL),
	(54, 'Y', 'Y', 'Y', 'Y', 'Y', 5, 4, NULL, '권한 복사 from 사용자 IDX : 1', NULL, 'john.doe@example.com', '2024-08-06 15:50:11', NULL, 'john.doe@example.com', '2024-09-06 16:16:16', NULL, NULL, NULL, NULL, NULL),
	(55, 'Y', 'Y', 'Y', 'Y', 'Y', 6, 4, NULL, '권한 복사 from 사용자 IDX : 1', NULL, 'john.doe@example.com', '2024-08-06 15:50:11', NULL, 'john.doe@example.com', '2024-09-06 16:16:16', NULL, NULL, NULL, NULL, NULL),
	(56, 'Y', 'Y', 'Y', 'Y', 'Y', 1, 5, NULL, '권한 복사 from 사용자 IDX : 1', NULL, 'john.doe@example.com', '2024-08-06 16:32:51', NULL, 'john.doe@example.com', '2024-09-06 16:15:55', NULL, NULL, NULL, NULL, NULL),
	(57, 'Y', 'Y', 'Y', 'Y', 'Y', 2, 5, NULL, '권한 복사 from 사용자 IDX : 1', NULL, 'john.doe@example.com', '2024-08-06 16:32:51', NULL, 'john.doe@example.com', '2024-09-06 16:15:55', NULL, NULL, NULL, NULL, NULL),
	(58, 'Y', 'Y', 'Y', 'Y', 'Y', 3, 5, NULL, '권한 복사 from 사용자 IDX : 1', NULL, 'john.doe@example.com', '2024-08-06 16:32:51', NULL, 'john.doe@example.com', '2024-09-06 16:15:55', NULL, NULL, NULL, NULL, NULL),
	(59, 'Y', 'Y', 'Y', 'Y', 'Y', 4, 5, NULL, '권한 복사 from 사용자 IDX : 1', NULL, 'john.doe@example.com', '2024-08-06 16:32:52', NULL, 'john.doe@example.com', '2024-09-06 16:15:55', NULL, NULL, NULL, NULL, NULL),
	(60, 'Y', 'Y', 'Y', 'Y', 'Y', 5, 5, NULL, '권한 복사 from 사용자 IDX : 1', NULL, 'john.doe@example.com', '2024-08-06 16:32:52', NULL, 'john.doe@example.com', '2024-09-06 16:15:55', NULL, NULL, NULL, NULL, NULL),
	(61, 'Y', 'Y', 'Y', 'Y', 'Y', 6, 5, NULL, '권한 복사 from 사용자 IDX : 1', NULL, 'john.doe@example.com', '2024-08-06 16:32:52', NULL, 'john.doe@example.com', '2024-09-06 16:15:55', NULL, NULL, NULL, NULL, NULL),
	(62, 'Y', 'Y', 'Y', 'Y', 'Y', 3, 2, NULL, '권한 복사 from 사용자 IDX : 11', NULL, 'john.doe@example.com', '2024-08-06 18:06:01', NULL, 'john.doe@example.com', '2024-08-06 18:06:01', NULL, NULL, NULL, NULL, NULL),
	(63, 'Y', 'Y', 'Y', 'Y', 'Y', 4, 2, NULL, '권한 복사 from 사용자 IDX : 11', NULL, 'john.doe@example.com', '2024-08-06 18:06:01', NULL, 'john.doe@example.com', '2024-08-06 18:06:01', NULL, NULL, NULL, NULL, NULL),
	(64, 'Y', 'Y', 'Y', 'Y', 'Y', 5, 2, NULL, '권한 복사 from 사용자 IDX : 11', NULL, 'john.doe@example.com', '2024-08-06 18:06:01', NULL, 'john.doe@example.com', '2024-08-06 18:06:01', NULL, NULL, NULL, NULL, NULL),
	(65, 'Y', 'Y', 'Y', 'Y', 'Y', 6, 2, NULL, '권한 복사 from 사용자 IDX : 11', NULL, 'john.doe@example.com', '2024-08-06 18:06:01', NULL, 'john.doe@example.com', '2024-08-06 18:06:01', NULL, NULL, NULL, NULL, NULL),
	(66, 'Y', 'N', 'N', 'N', 'Y', 1, 8, NULL, '권한 복사 from 사용자 IDX : 7', NULL, 'john.doe@example.com', '2024-08-14 17:53:43', NULL, 'andrew.kang@example.com', '2024-10-04 13:38:08', NULL, NULL, NULL, NULL, NULL),
	(67, 'Y', 'N', 'N', 'N', 'Y', 2, 8, NULL, '권한 복사 from 사용자 IDX : 7', NULL, 'john.doe@example.com', '2024-08-14 17:53:43', NULL, 'andrew.kang@example.com', '2024-10-04 13:38:08', NULL, NULL, NULL, NULL, NULL),
	(68, 'Y', 'Y', 'Y', 'Y', 'Y', 3, 8, NULL, '권한 복사 from 사용자 IDX : 7', NULL, 'john.doe@example.com', '2024-08-14 17:53:43', NULL, 'andrew.kang@example.com', '2024-10-04 13:38:08', NULL, NULL, NULL, NULL, NULL),
	(69, 'Y', 'Y', 'Y', 'Y', 'Y', 4, 8, NULL, '권한 복사 from 사용자 IDX : 7', NULL, 'john.doe@example.com', '2024-08-14 17:53:43', NULL, 'andrew.kang@example.com', '2024-10-04 13:38:08', NULL, NULL, NULL, NULL, NULL),
	(70, 'Y', 'Y', 'Y', 'Y', 'Y', 5, 8, NULL, '권한 복사 from 사용자 IDX : 7', NULL, 'john.doe@example.com', '2024-08-14 17:53:43', NULL, 'andrew.kang@example.com', '2024-10-04 13:38:08', NULL, NULL, NULL, NULL, NULL),
	(71, 'Y', 'Y', 'Y', 'Y', 'Y', 6, 8, NULL, '권한 복사 from 사용자 IDX : 7', NULL, 'john.doe@example.com', '2024-08-14 17:53:43', NULL, 'andrew.kang@example.com', '2024-10-04 13:38:08', NULL, NULL, NULL, NULL, NULL),
	(72, 'Y', 'Y', 'Y', 'Y', 'Y', 1, 3, NULL, '권한 복사 from 사용자 IDX : 1', NULL, 'mice4@example.com', '2024-08-28 09:09:45', NULL, 'mice3@example.com', '2024-10-30 23:31:44', NULL, NULL, NULL, NULL, NULL),
	(73, 'Y', 'Y', 'Y', 'Y', 'Y', 2, 3, NULL, '권한 복사 from 사용자 IDX : 1', NULL, 'mice4@example.com', '2024-08-28 09:09:45', NULL, 'mice3@example.com', '2024-10-30 23:31:44', NULL, NULL, NULL, NULL, NULL),
	(74, 'Y', 'Y', 'Y', 'Y', 'Y', 3, 3, NULL, '권한 복사 from 사용자 IDX : 1', NULL, 'mice4@example.com', '2024-08-28 09:09:45', NULL, 'mice3@example.com', '2024-10-30 23:31:44', NULL, NULL, NULL, NULL, NULL),
	(75, 'Y', 'Y', 'Y', 'Y', 'Y', 4, 3, NULL, '권한 복사 from 사용자 IDX : 1', NULL, 'mice4@example.com', '2024-08-28 09:09:45', NULL, 'mice3@example.com', '2024-10-30 23:31:44', NULL, NULL, NULL, NULL, NULL),
	(76, 'Y', 'Y', 'Y', 'Y', 'Y', 5, 3, NULL, '권한 복사 from 사용자 IDX : 1', NULL, 'mice4@example.com', '2024-08-28 09:09:45', NULL, 'mice3@example.com', '2024-10-30 23:31:44', NULL, NULL, NULL, NULL, NULL),
	(77, 'Y', 'Y', 'Y', 'Y', 'Y', 6, 3, NULL, '권한 복사 from 사용자 IDX : 1', NULL, 'mice4@example.com', '2024-08-28 09:09:45', NULL, 'mice3@example.com', '2024-10-30 23:31:44', NULL, NULL, NULL, NULL, NULL),
	(78, 'Y', 'Y', 'N', 'Y', 'Y', 1, 13, NULL, '권한 복사 from 사용자 IDX : 10', NULL, 'john.doe@example.com', '2024-08-09 01:15:04', NULL, 'john.doe@example.com', '2024-08-14 01:20:24', NULL, NULL, NULL, NULL, NULL),
	(79, 'Y', 'Y', 'Y', 'Y', 'Y', 2, 13, NULL, '권한 복사 from 사용자 IDX : 10', NULL, 'john.doe@example.com', '2024-08-09 01:15:04', NULL, 'john.doe@example.com', '2024-08-14 01:20:25', NULL, NULL, NULL, NULL, NULL),
	(80, 'Y', 'Y', 'Y', 'Y', 'Y', 3, 13, NULL, '권한 복사 from 사용자 IDX : 10', NULL, 'john.doe@example.com', '2024-08-09 01:15:04', NULL, 'john.doe@example.com', '2024-08-14 01:20:25', NULL, NULL, NULL, NULL, NULL),
	(81, 'Y', 'Y', 'Y', 'Y', 'Y', 4, 13, NULL, '권한 복사 from 사용자 IDX : 10', NULL, 'john.doe@example.com', '2024-08-09 01:15:04', NULL, 'john.doe@example.com', '2024-08-14 01:20:25', NULL, NULL, NULL, NULL, NULL),
	(82, 'Y', 'Y', 'Y', 'Y', 'Y', 5, 13, NULL, '권한 복사 from 사용자 IDX : 10', NULL, 'john.doe@example.com', '2024-08-09 01:15:04', NULL, 'john.doe@example.com', '2024-08-14 01:20:25', NULL, NULL, NULL, NULL, NULL),
	(83, 'Y', 'Y', 'Y', 'N', 'Y', 6, 13, NULL, '권한 복사 from 사용자 IDX : 10', NULL, 'john.doe@example.com', '2024-08-09 01:15:04', NULL, 'john.doe@example.com', '2024-08-14 01:20:25', NULL, NULL, NULL, NULL, NULL),
	(84, 'Y', 'Y', 'Y', 'Y', 'Y', 1, 12, NULL, '권한 복사 from 사용자 IDX : 13', NULL, 'john.doe@example.com', '2024-08-09 01:15:31', NULL, 'john.doe@example.com', '2024-08-16 00:15:17', NULL, NULL, NULL, NULL, NULL),
	(85, 'Y', 'Y', 'Y', 'Y', 'Y', 2, 12, NULL, '권한 복사 from 사용자 IDX : 13', NULL, 'john.doe@example.com', '2024-08-09 01:15:31', NULL, 'john.doe@example.com', '2024-08-16 00:15:17', NULL, NULL, NULL, NULL, NULL),
	(86, 'Y', 'Y', 'Y', 'Y', 'Y', 3, 12, NULL, '권한 복사 from 사용자 IDX : 13', NULL, 'john.doe@example.com', '2024-08-09 01:15:31', NULL, 'john.doe@example.com', '2024-08-16 00:15:17', NULL, NULL, NULL, NULL, NULL),
	(87, 'Y', 'Y', 'Y', 'Y', 'Y', 4, 12, NULL, '권한 복사 from 사용자 IDX : 13', NULL, 'john.doe@example.com', '2024-08-09 01:15:31', NULL, 'john.doe@example.com', '2024-08-16 00:15:17', NULL, NULL, NULL, NULL, NULL),
	(88, 'Y', 'Y', 'Y', 'Y', 'Y', 5, 12, NULL, '권한 복사 from 사용자 IDX : 13', NULL, 'john.doe@example.com', '2024-08-09 01:15:31', NULL, 'john.doe@example.com', '2024-08-16 00:15:17', NULL, NULL, NULL, NULL, NULL),
	(89, 'Y', 'Y', 'Y', 'N', 'Y', 6, 12, NULL, '권한 복사 from 사용자 IDX : 13', NULL, 'john.doe@example.com', '2024-08-09 01:15:31', NULL, 'john.doe@example.com', '2024-08-16 00:15:17', NULL, NULL, NULL, NULL, NULL),
	(90, 'Y', 'Y', 'Y', 'Y', 'Y', 1, 14, NULL, '권한 복사 from 사용자 IDX : 13', NULL, 'john.doe@example.com', '2024-08-09 12:48:40', NULL, 'john.doe@example.com', '2024-08-26 18:09:13', NULL, NULL, NULL, NULL, NULL),
	(91, 'Y', 'Y', 'Y', 'Y', 'Y', 2, 14, NULL, '권한 복사 from 사용자 IDX : 13', NULL, 'john.doe@example.com', '2024-08-09 12:48:40', NULL, 'john.doe@example.com', '2024-08-26 18:09:13', NULL, NULL, NULL, NULL, NULL),
	(92, 'Y', 'Y', 'Y', 'Y', 'Y', 3, 14, NULL, '권한 복사 from 사용자 IDX : 13', NULL, 'john.doe@example.com', '2024-08-09 12:48:40', NULL, 'john.doe@example.com', '2024-08-26 18:09:13', NULL, NULL, NULL, NULL, NULL),
	(93, 'Y', 'Y', 'Y', 'Y', 'Y', 4, 14, NULL, '권한 복사 from 사용자 IDX : 13', NULL, 'john.doe@example.com', '2024-08-09 12:48:40', NULL, 'john.doe@example.com', '2024-08-26 18:09:13', NULL, NULL, NULL, NULL, NULL),
	(94, 'Y', 'Y', 'Y', 'Y', 'Y', 5, 14, NULL, '권한 복사 from 사용자 IDX : 13', NULL, 'john.doe@example.com', '2024-08-09 12:48:40', NULL, 'john.doe@example.com', '2024-08-26 18:09:13', NULL, NULL, NULL, NULL, NULL),
	(95, 'Y', 'Y', 'Y', 'Y', 'Y', 6, 14, NULL, '권한 복사 from 사용자 IDX : 13', NULL, 'john.doe@example.com', '2024-08-09 12:48:40', NULL, 'john.doe@example.com', '2024-08-26 18:09:13', NULL, NULL, NULL, NULL, NULL),
	(96, 'Y', 'N', 'N', 'N', 'N', 1, 15, NULL, NULL, NULL, 'john.doe@example.com', NULL, NULL, 'john.doe@example.com', '2024-08-09 13:06:05', NULL, NULL, NULL, NULL, NULL),
	(97, 'Y', 'N', 'N', 'N', 'N', 2, 15, NULL, NULL, NULL, 'john.doe@example.com', NULL, NULL, 'john.doe@example.com', '2024-08-09 13:06:05', NULL, NULL, NULL, NULL, NULL),
	(98, 'Y', 'N', 'N', 'N', 'N', 3, 15, NULL, NULL, NULL, 'john.doe@example.com', NULL, NULL, 'john.doe@example.com', '2024-08-09 13:06:05', NULL, NULL, NULL, NULL, NULL),
	(99, 'Y', 'N', 'N', 'N', 'N', 4, 15, NULL, NULL, NULL, 'john.doe@example.com', NULL, NULL, 'john.doe@example.com', '2024-08-09 13:06:05', NULL, NULL, NULL, NULL, NULL),
	(100, 'Y', 'N', 'N', 'N', 'N', 5, 15, NULL, NULL, NULL, 'john.doe@example.com', NULL, NULL, 'john.doe@example.com', '2024-08-09 13:06:05', NULL, NULL, NULL, NULL, NULL),
	(101, 'Y', 'N', 'N', 'N', 'N', 6, 15, NULL, NULL, NULL, 'john.doe@example.com', NULL, NULL, 'john.doe@example.com', '2024-08-09 13:06:05', NULL, NULL, NULL, NULL, NULL),
	(112, 'N', 'Y', 'N', 'N', 'N', 692, 14, NULL, NULL, NULL, 'john.doe@example.com', '2024-08-20 19:04:01', NULL, 'john.doe@example.com', '2024-08-26 18:09:13', NULL, NULL, NULL, NULL, NULL),
	(119, 'Y', 'Y', 'Y', 'Y', 'Y', 8, 6, NULL, '권한 복사 from 사용자 IDX : 1', NULL, 'mice3@example.com', '2024-08-20 11:08:45', NULL, 'john.doe@example.com', '2024-10-30 23:54:27', NULL, NULL, NULL, NULL, NULL),
	(120, 'Y', 'Y', 'Y', 'Y', 'Y', 693, 6, NULL, '권한 복사 from 사용자 IDX : 1', NULL, 'mice3@example.com', '2024-08-20 11:08:45', NULL, 'john.doe@example.com', '2024-10-30 23:54:27', NULL, NULL, NULL, NULL, NULL),
	(121, 'Y', 'Y', 'Y', 'Y', 'Y', 694, 6, NULL, '권한 복사 from 사용자 IDX : 1', NULL, 'mice3@example.com', '2024-08-20 11:08:45', NULL, 'john.doe@example.com', '2024-10-30 23:54:27', NULL, NULL, NULL, NULL, NULL),
	(122, 'Y', 'Y', 'Y', 'Y', 'Y', 695, 6, NULL, '권한 복사 from 사용자 IDX : 1', NULL, 'mice3@example.com', '2024-08-20 11:08:46', NULL, 'john.doe@example.com', '2024-10-30 23:54:27', NULL, NULL, NULL, NULL, NULL),
	(123, 'Y', 'Y', 'Y', 'Y', 'Y', 696, 6, NULL, '권한 복사 from 사용자 IDX : 1', NULL, 'mice3@example.com', '2024-08-20 11:08:46', NULL, 'john.doe@example.com', '2024-10-30 23:54:27', NULL, NULL, NULL, NULL, NULL),
	(124, 'Y', 'Y', 'Y', 'Y', 'Y', 697, 6, NULL, '권한 복사 from 사용자 IDX : 1', NULL, 'mice3@example.com', '2024-08-20 11:08:46', NULL, 'john.doe@example.com', '2024-10-30 23:54:27', NULL, NULL, NULL, NULL, NULL),
	(125, 'Y', 'Y', 'Y', 'Y', 'Y', 8, 11, NULL, '권한 복사 from 사용자 IDX : 1', NULL, 'john.doe@example.com', '2024-09-05 11:06:01', NULL, 'john.doe@example.com', '2024-09-05 11:06:01', NULL, NULL, NULL, NULL, NULL),
	(126, 'Y', 'Y', 'Y', 'Y', 'Y', 693, 11, NULL, '권한 복사 from 사용자 IDX : 1', NULL, 'john.doe@example.com', '2024-09-05 11:06:01', NULL, 'john.doe@example.com', '2024-09-05 11:06:01', NULL, NULL, NULL, NULL, NULL),
	(127, 'Y', 'Y', 'Y', 'Y', 'Y', 694, 11, NULL, '권한 복사 from 사용자 IDX : 1', NULL, 'john.doe@example.com', '2024-09-05 11:06:01', NULL, 'john.doe@example.com', '2024-09-05 11:06:01', NULL, NULL, NULL, NULL, NULL),
	(128, 'Y', 'Y', 'Y', 'Y', 'Y', 695, 11, NULL, '권한 복사 from 사용자 IDX : 1', NULL, 'john.doe@example.com', '2024-09-05 11:06:01', NULL, 'john.doe@example.com', '2024-09-05 11:06:01', NULL, NULL, NULL, NULL, NULL),
	(129, 'Y', 'Y', 'Y', 'Y', 'Y', 696, 11, NULL, '권한 복사 from 사용자 IDX : 1', NULL, 'john.doe@example.com', '2024-09-05 11:06:01', NULL, 'john.doe@example.com', '2024-09-05 11:06:01', NULL, NULL, NULL, NULL, NULL),
	(130, 'Y', 'Y', 'Y', 'Y', 'Y', 697, 11, NULL, '권한 복사 from 사용자 IDX : 1', NULL, 'john.doe@example.com', '2024-09-05 11:06:01', NULL, 'john.doe@example.com', '2024-09-05 11:06:01', NULL, NULL, NULL, NULL, NULL),
	(131, 'N', 'N', 'N', 'N', 'N', 8, 14, NULL, NULL, NULL, 'john.doe@example.com', '2024-08-20 19:04:01', NULL, 'john.doe@example.com', '2024-08-26 18:09:13', NULL, NULL, NULL, NULL, NULL),
	(132, 'N', 'N', 'N', 'N', 'N', 693, 14, NULL, NULL, NULL, 'john.doe@example.com', '2024-08-20 19:04:01', NULL, 'john.doe@example.com', '2024-08-26 18:09:13', NULL, NULL, NULL, NULL, NULL),
	(133, 'N', 'N', 'N', 'N', 'N', 694, 14, NULL, NULL, NULL, 'john.doe@example.com', '2024-08-20 19:04:02', NULL, 'john.doe@example.com', '2024-08-26 18:09:14', NULL, NULL, NULL, NULL, NULL),
	(134, 'N', 'N', 'N', 'N', 'N', 695, 14, NULL, NULL, NULL, 'john.doe@example.com', '2024-08-20 19:04:02', NULL, 'john.doe@example.com', '2024-08-26 18:09:14', NULL, NULL, NULL, NULL, NULL),
	(135, 'N', 'N', 'N', 'N', 'N', 696, 14, NULL, NULL, NULL, 'john.doe@example.com', '2024-08-20 19:04:02', NULL, 'john.doe@example.com', '2024-08-26 18:09:14', NULL, NULL, NULL, NULL, NULL),
	(136, 'N', 'N', 'N', 'N', 'N', 697, 14, NULL, NULL, NULL, 'john.doe@example.com', '2024-08-20 19:04:02', NULL, 'john.doe@example.com', '2024-08-26 18:09:14', NULL, NULL, NULL, NULL, NULL),
	(137, 'N', 'N', 'N', 'N', 'N', 8, 13, NULL, NULL, NULL, NULL, NULL, NULL, NULL, NULL, NULL, NULL, NULL, NULL, NULL),
	(138, 'N', 'N', 'N', 'N', 'N', 693, 13, NULL, NULL, NULL, NULL, NULL, NULL, NULL, NULL, NULL, NULL, NULL, NULL, NULL),
	(139, 'N', 'N', 'N', 'N', 'N', 694, 13, NULL, NULL, NULL, NULL, NULL, NULL, NULL, NULL, NULL, NULL, NULL, NULL, NULL),
	(140, 'N', 'N', 'N', 'N', 'N', 695, 13, NULL, NULL, NULL, NULL, NULL, NULL, NULL, NULL, NULL, NULL, NULL, NULL, NULL),
	(141, 'N', 'N', 'N', 'N', 'N', 696, 13, NULL, NULL, NULL, NULL, NULL, NULL, NULL, NULL, NULL, NULL, NULL, NULL, NULL),
	(142, 'N', 'N', 'N', 'N', 'N', 697, 13, NULL, NULL, NULL, NULL, NULL, NULL, NULL, NULL, NULL, NULL, NULL, NULL, NULL),
	(143, 'N', 'N', 'N', 'N', 'N', 8, 12, NULL, NULL, NULL, NULL, NULL, NULL, NULL, NULL, NULL, NULL, NULL, NULL, NULL),
	(144, 'N', 'N', 'N', 'N', 'N', 693, 12, NULL, NULL, NULL, NULL, NULL, NULL, NULL, NULL, NULL, NULL, NULL, NULL, NULL),
	(145, 'N', 'N', 'N', 'N', 'N', 694, 12, NULL, NULL, NULL, NULL, NULL, NULL, NULL, NULL, NULL, NULL, NULL, NULL, NULL),
	(146, 'N', 'N', 'N', 'N', 'N', 695, 12, NULL, NULL, NULL, NULL, NULL, NULL, NULL, NULL, NULL, NULL, NULL, NULL, NULL),
	(147, 'N', 'N', 'N', 'N', 'N', 696, 12, NULL, NULL, NULL, NULL, NULL, NULL, NULL, NULL, NULL, NULL, NULL, NULL, NULL),
	(148, 'N', 'N', 'N', 'N', 'N', 697, 12, NULL, NULL, NULL, NULL, NULL, NULL, NULL, NULL, NULL, NULL, NULL, NULL, NULL),
	(150, 'Y', 'Y', 'Y', 'Y', 'Y', 8, 7, NULL, '권한 복사 from 사용자 IDX : 3', NULL, 'mice4@example.com', '2024-08-22 09:11:22', NULL, 'mice3@example.com', '2024-10-30 23:31:00', NULL, NULL, NULL, NULL, NULL),
	(151, 'Y', 'Y', 'Y', 'Y', 'Y', 693, 7, NULL, '권한 복사 from 사용자 IDX : 3', NULL, 'mice4@example.com', '2024-08-22 09:11:22', NULL, 'mice3@example.com', '2024-10-30 23:31:00', NULL, NULL, NULL, NULL, NULL),
	(152, 'Y', 'Y', 'Y', 'Y', 'Y', 694, 7, NULL, '권한 복사 from 사용자 IDX : 3', NULL, 'mice4@example.com', '2024-08-22 09:11:22', NULL, 'mice3@example.com', '2024-10-30 23:31:00', NULL, NULL, NULL, NULL, NULL),
	(153, 'Y', 'Y', 'Y', 'Y', 'Y', 695, 7, NULL, '권한 복사 from 사용자 IDX : 3', NULL, 'mice4@example.com', '2024-08-22 09:11:22', NULL, 'mice3@example.com', '2024-10-30 23:31:00', NULL, NULL, NULL, NULL, NULL),
	(154, 'Y', 'Y', 'Y', 'Y', 'Y', 696, 7, NULL, '권한 복사 from 사용자 IDX : 3', NULL, 'mice4@example.com', '2024-08-22 09:11:22', NULL, 'mice3@example.com', '2024-10-30 23:31:00', NULL, NULL, NULL, NULL, NULL),
	(155, 'Y', 'Y', 'Y', 'Y', 'Y', 697, 7, NULL, '권한 복사 from 사용자 IDX : 3', NULL, 'mice4@example.com', '2024-08-22 09:11:22', NULL, 'mice3@example.com', '2024-10-30 23:31:00', NULL, NULL, NULL, NULL, NULL),
	(156, 'Y', 'Y', 'Y', 'Y', 'Y', 8, 5, NULL, '권한 복사 from 사용자 IDX : 1', NULL, 'john.doe@example.com', '2024-08-26 14:08:47', NULL, 'john.doe@example.com', '2024-09-06 16:15:55', NULL, NULL, NULL, NULL, NULL),
	(157, 'Y', 'Y', 'Y', 'Y', 'Y', 693, 5, NULL, '권한 복사 from 사용자 IDX : 1', NULL, 'john.doe@example.com', '2024-08-26 14:08:47', NULL, 'john.doe@example.com', '2024-09-06 16:15:55', NULL, NULL, NULL, NULL, NULL),
	(158, 'Y', 'Y', 'Y', 'Y', 'Y', 694, 5, NULL, '권한 복사 from 사용자 IDX : 1', NULL, 'john.doe@example.com', '2024-08-26 14:08:48', NULL, 'john.doe@example.com', '2024-09-06 16:15:55', NULL, NULL, NULL, NULL, NULL),
	(159, 'Y', 'Y', 'Y', 'Y', 'Y', 695, 5, NULL, '권한 복사 from 사용자 IDX : 1', NULL, 'john.doe@example.com', '2024-08-26 14:08:48', NULL, 'john.doe@example.com', '2024-09-06 16:15:55', NULL, NULL, NULL, NULL, NULL),
	(160, 'Y', 'Y', 'Y', 'Y', 'Y', 696, 5, NULL, '권한 복사 from 사용자 IDX : 1', NULL, 'john.doe@example.com', '2024-08-26 14:08:48', NULL, 'john.doe@example.com', '2024-09-06 16:15:55', NULL, NULL, NULL, NULL, NULL),
	(161, 'Y', 'Y', 'Y', 'Y', 'Y', 697, 5, NULL, '권한 복사 from 사용자 IDX : 1', NULL, 'john.doe@example.com', '2024-08-26 14:08:48', NULL, 'john.doe@example.com', '2024-09-06 16:15:55', NULL, NULL, NULL, NULL, NULL),
	(162, 'Y', 'Y', 'Y', 'Y', 'Y', 8, 4, NULL, '권한 복사 from 사용자 IDX : 1', NULL, 'john.doe@example.com', '2024-08-26 14:08:38', NULL, 'john.doe@example.com', '2024-09-06 16:16:16', NULL, NULL, NULL, NULL, NULL),
	(163, 'Y', 'Y', 'Y', 'Y', 'Y', 693, 4, NULL, '권한 복사 from 사용자 IDX : 1', NULL, 'john.doe@example.com', '2024-08-26 14:08:38', NULL, 'john.doe@example.com', '2024-09-06 16:16:16', NULL, NULL, NULL, NULL, NULL),
	(164, 'Y', 'Y', 'Y', 'Y', 'Y', 694, 4, NULL, '권한 복사 from 사용자 IDX : 1', NULL, 'john.doe@example.com', '2024-08-26 14:08:39', NULL, 'john.doe@example.com', '2024-09-06 16:16:16', NULL, NULL, NULL, NULL, NULL),
	(165, 'Y', 'Y', 'Y', 'Y', 'Y', 695, 4, NULL, '권한 복사 from 사용자 IDX : 1', NULL, 'john.doe@example.com', '2024-08-26 14:08:39', NULL, 'john.doe@example.com', '2024-09-06 16:16:16', NULL, NULL, NULL, NULL, NULL),
	(166, 'Y', 'Y', 'Y', 'Y', 'Y', 696, 4, NULL, '권한 복사 from 사용자 IDX : 1', NULL, 'john.doe@example.com', '2024-08-26 14:08:39', NULL, 'john.doe@example.com', '2024-09-06 16:16:16', NULL, NULL, NULL, NULL, NULL),
	(167, 'Y', 'Y', 'Y', 'Y', 'Y', 697, 4, NULL, '권한 복사 from 사용자 IDX : 1', NULL, 'john.doe@example.com', '2024-08-26 14:08:39', NULL, 'john.doe@example.com', '2024-09-06 16:16:16', NULL, NULL, NULL, NULL, NULL),
	(169, 'Y', 'Y', 'Y', 'Y', 'Y', 8, 9, NULL, '권한 복사 from 사용자 IDX : 1', NULL, 'john.doe@example.com', '2024-08-26 14:08:56', NULL, 'john.doe@example.com', '2024-09-06 16:15:24', NULL, NULL, NULL, NULL, NULL),
	(170, 'Y', 'Y', 'Y', 'Y', 'Y', 693, 9, NULL, '권한 복사 from 사용자 IDX : 1', NULL, 'john.doe@example.com', '2024-08-26 14:08:56', NULL, 'john.doe@example.com', '2024-09-06 16:15:24', NULL, NULL, NULL, NULL, NULL),
	(171, 'Y', 'Y', 'Y', 'Y', 'Y', 694, 9, NULL, '권한 복사 from 사용자 IDX : 1', NULL, 'john.doe@example.com', '2024-08-26 14:08:56', NULL, 'john.doe@example.com', '2024-09-06 16:15:24', NULL, NULL, NULL, NULL, NULL),
	(172, 'Y', 'Y', 'Y', 'Y', 'Y', 695, 9, NULL, '권한 복사 from 사용자 IDX : 1', NULL, 'john.doe@example.com', '2024-08-26 14:08:57', NULL, 'john.doe@example.com', '2024-09-06 16:15:24', NULL, NULL, NULL, NULL, NULL),
	(173, 'Y', 'Y', 'Y', 'Y', 'Y', 696, 9, NULL, '권한 복사 from 사용자 IDX : 1', NULL, 'john.doe@example.com', '2024-08-26 14:08:57', NULL, 'john.doe@example.com', '2024-09-06 16:15:24', NULL, NULL, NULL, NULL, NULL),
	(174, 'Y', 'Y', 'Y', 'Y', 'Y', 697, 9, NULL, '권한 복사 from 사용자 IDX : 1', NULL, 'john.doe@example.com', '2024-08-26 14:08:57', NULL, 'john.doe@example.com', '2024-09-06 16:15:24', NULL, NULL, NULL, NULL, NULL),
	(176, 'Y', 'Y', 'Y', 'Y', 'Y', 8, 10, NULL, '권한 복사 from 사용자 IDX : 1', NULL, 'john.doe@example.com', '2024-08-26 14:09:04', NULL, 'john.doe@example.com', '2024-09-06 16:15:11', NULL, NULL, NULL, NULL, NULL),
	(177, 'Y', 'Y', 'Y', 'Y', 'Y', 693, 10, NULL, '권한 복사 from 사용자 IDX : 1', NULL, 'john.doe@example.com', '2024-08-26 14:09:04', NULL, 'john.doe@example.com', '2024-09-06 16:15:11', NULL, NULL, NULL, NULL, NULL),
	(178, 'Y', 'Y', 'Y', 'Y', 'Y', 694, 10, NULL, '권한 복사 from 사용자 IDX : 1', NULL, 'john.doe@example.com', '2024-08-26 14:09:04', NULL, 'john.doe@example.com', '2024-09-06 16:15:11', NULL, NULL, NULL, NULL, NULL),
	(179, 'Y', 'Y', 'Y', 'Y', 'Y', 695, 10, NULL, '권한 복사 from 사용자 IDX : 1', NULL, 'john.doe@example.com', '2024-08-26 14:09:04', NULL, 'john.doe@example.com', '2024-09-06 16:15:11', NULL, NULL, NULL, NULL, NULL),
	(180, 'Y', 'Y', 'Y', 'Y', 'Y', 696, 10, NULL, '권한 복사 from 사용자 IDX : 1', NULL, 'john.doe@example.com', '2024-08-26 14:09:04', NULL, 'john.doe@example.com', '2024-09-06 16:15:11', NULL, NULL, NULL, NULL, NULL),
	(181, 'Y', 'Y', 'Y', 'Y', 'Y', 697, 10, NULL, '권한 복사 from 사용자 IDX : 1', NULL, 'john.doe@example.com', '2024-08-26 14:09:04', NULL, 'john.doe@example.com', '2024-09-06 16:15:11', NULL, NULL, NULL, NULL, NULL),
	(182, 'N', 'N', 'N', 'N', 'N', 698, 13, NULL, NULL, NULL, NULL, NULL, NULL, NULL, NULL, NULL, NULL, NULL, NULL, NULL),
	(183, 'Y', 'Y', 'N', 'N', 'N', 1, 16, NULL, NULL, NULL, 'john.doe@example.com', '2024-09-13 10:22:55', NULL, 'mice4@example.com', '2024-09-30 09:30:12', NULL, NULL, NULL, NULL, NULL),
	(184, 'Y', 'Y', 'N', 'N', 'N', 2, 16, NULL, NULL, NULL, 'john.doe@example.com', '2024-09-13 10:22:55', NULL, 'mice4@example.com', '2024-09-30 09:30:12', NULL, NULL, NULL, NULL, NULL),
	(185, 'Y', 'Y', 'N', 'N', 'N', 3, 16, NULL, NULL, NULL, 'john.doe@example.com', '2024-09-13 10:22:55', NULL, 'mice4@example.com', '2024-09-30 09:30:12', NULL, NULL, NULL, NULL, NULL),
	(186, 'Y', 'Y', 'N', 'N', 'N', 4, 16, NULL, NULL, NULL, 'john.doe@example.com', '2024-09-13 10:22:55', NULL, 'mice4@example.com', '2024-09-30 09:30:12', NULL, NULL, NULL, NULL, NULL),
	(187, 'Y', 'Y', 'N', 'N', 'N', 5, 16, NULL, NULL, NULL, 'john.doe@example.com', '2024-09-13 10:22:55', NULL, 'mice4@example.com', '2024-09-30 09:30:12', NULL, NULL, NULL, NULL, NULL),
	(188, 'Y', 'Y', 'N', 'N', 'N', 6, 16, NULL, NULL, NULL, 'john.doe@example.com', '2024-09-13 10:22:55', NULL, 'mice4@example.com', '2024-09-30 09:30:12', NULL, NULL, NULL, NULL, NULL),
	(190, 'Y', 'Y', 'N', 'N', 'N', 8, 16, NULL, NULL, NULL, 'john.doe@example.com', '2024-09-13 10:22:55', NULL, 'mice4@example.com', '2024-09-30 09:30:12', NULL, NULL, NULL, NULL, NULL),
	(191, 'Y', 'Y', 'N', 'N', 'N', 693, 16, NULL, NULL, NULL, 'john.doe@example.com', '2024-09-13 10:22:55', NULL, 'mice4@example.com', '2024-09-30 09:30:12', NULL, NULL, NULL, NULL, NULL),
	(192, 'Y', 'Y', 'N', 'N', 'N', 694, 16, NULL, NULL, NULL, 'john.doe@example.com', '2024-09-13 10:22:55', NULL, 'mice4@example.com', '2024-09-30 09:30:12', NULL, NULL, NULL, NULL, NULL),
	(193, 'Y', 'Y', 'N', 'N', 'N', 695, 16, NULL, NULL, NULL, 'john.doe@example.com', '2024-09-13 10:22:55', NULL, 'mice4@example.com', '2024-09-30 09:30:12', NULL, NULL, NULL, NULL, NULL),
	(194, 'Y', 'Y', 'N', 'N', 'N', 696, 16, NULL, NULL, NULL, 'john.doe@example.com', '2024-09-13 10:22:55', NULL, 'mice4@example.com', '2024-09-30 09:30:12', NULL, NULL, NULL, NULL, NULL),
	(195, 'Y', 'Y', 'N', 'N', 'N', 697, 16, NULL, NULL, NULL, 'john.doe@example.com', '2024-09-13 10:22:55', NULL, 'mice4@example.com', '2024-09-30 09:30:12', NULL, NULL, NULL, NULL, NULL),
	(196, 'Y', 'Y', 'N', 'N', 'N', 698, 16, NULL, NULL, NULL, 'john.doe@example.com', '2024-09-13 10:22:55', NULL, 'mice4@example.com', '2024-09-30 09:30:12', NULL, NULL, NULL, NULL, NULL),
	(197, 'N', 'N', 'N', 'N', 'N', 698, 14, NULL, NULL, NULL, NULL, NULL, NULL, NULL, NULL, NULL, NULL, NULL, NULL, NULL),
	(198, 'Y', 'Y', 'Y', 'Y', 'Y', 698, 6, NULL, '권한 복사 from 사용자 IDX : 1', NULL, 'mice3@example.com', '2024-08-28 08:53:28', NULL, 'john.doe@example.com', '2024-10-30 23:54:27', NULL, NULL, NULL, NULL, NULL),
	(199, 'Y', 'Y', 'Y', 'Y', 'Y', 8, 8, NULL, '권한 복사 from 사용자 IDX : 7', NULL, 'john.doe@example.com', '2024-09-05 11:05:46', NULL, 'andrew.kang@example.com', '2024-10-04 13:38:08', NULL, NULL, NULL, NULL, NULL),
	(200, 'Y', 'Y', 'Y', 'Y', 'Y', 693, 8, NULL, '권한 복사 from 사용자 IDX : 7', NULL, 'john.doe@example.com', '2024-09-05 11:05:46', NULL, 'andrew.kang@example.com', '2024-10-04 13:38:08', NULL, NULL, NULL, NULL, NULL),
	(201, 'Y', 'Y', 'Y', 'Y', 'Y', 694, 8, NULL, '권한 복사 from 사용자 IDX : 7', NULL, 'john.doe@example.com', '2024-09-05 11:05:46', NULL, 'andrew.kang@example.com', '2024-10-04 13:38:08', NULL, NULL, NULL, NULL, NULL),
	(202, 'N', 'N', 'N', 'N', 'N', 695, 8, NULL, '권한 복사 from 사용자 IDX : 7', NULL, 'john.doe@example.com', '2024-09-05 11:05:46', NULL, 'andrew.kang@example.com', '2024-10-04 13:38:08', NULL, NULL, NULL, NULL, NULL),
	(203, 'Y', 'Y', 'Y', 'Y', 'Y', 696, 8, NULL, '권한 복사 from 사용자 IDX : 7', NULL, 'john.doe@example.com', '2024-09-05 11:05:46', NULL, 'andrew.kang@example.com', '2024-10-04 13:38:08', NULL, NULL, NULL, NULL, NULL),
	(204, 'Y', 'Y', 'Y', 'Y', 'Y', 697, 8, NULL, '권한 복사 from 사용자 IDX : 7', NULL, 'john.doe@example.com', '2024-09-05 11:05:46', NULL, 'andrew.kang@example.com', '2024-10-04 13:38:08', NULL, NULL, NULL, NULL, NULL),
	(205, 'Y', 'Y', 'Y', 'Y', 'Y', 698, 8, NULL, '권한 복사 from 사용자 IDX : 1', NULL, 'john.doe@example.com', '2024-09-05 11:05:46', NULL, 'andrew.kang@example.com', '2024-10-04 13:38:08', NULL, NULL, NULL, NULL, NULL),
	(208, 'Y', 'Y', 'Y', 'Y', 'Y', 8, 3, NULL, '권한 복사 from 사용자 IDX : 1', NULL, 'mice4@example.com', '2024-08-28 09:09:45', NULL, 'mice3@example.com', '2024-10-30 23:31:44', NULL, NULL, NULL, NULL, NULL),
	(209, 'Y', 'Y', 'Y', 'Y', 'Y', 693, 3, NULL, '권한 복사 from 사용자 IDX : 1', NULL, 'mice4@example.com', '2024-08-28 09:09:45', NULL, 'mice3@example.com', '2024-10-30 23:31:44', NULL, NULL, NULL, NULL, NULL),
	(210, 'Y', 'Y', 'Y', 'Y', 'Y', 694, 3, NULL, '권한 복사 from 사용자 IDX : 1', NULL, 'mice4@example.com', '2024-08-28 09:09:45', NULL, 'mice3@example.com', '2024-10-30 23:31:44', NULL, NULL, NULL, NULL, NULL),
	(211, 'Y', 'Y', 'Y', 'Y', 'Y', 695, 3, NULL, '권한 복사 from 사용자 IDX : 1', NULL, 'mice4@example.com', '2024-08-28 09:09:45', NULL, 'mice3@example.com', '2024-10-30 23:31:45', NULL, NULL, NULL, NULL, NULL),
	(212, 'Y', 'Y', 'Y', 'Y', 'Y', 696, 3, NULL, '권한 복사 from 사용자 IDX : 1', NULL, 'mice4@example.com', '2024-08-28 09:09:45', NULL, 'mice3@example.com', '2024-10-30 23:31:45', NULL, NULL, NULL, NULL, NULL),
	(213, 'Y', 'Y', 'Y', 'Y', 'Y', 697, 3, NULL, '권한 복사 from 사용자 IDX : 1', NULL, 'mice4@example.com', '2024-08-28 09:09:45', NULL, 'mice3@example.com', '2024-10-30 23:31:45', NULL, NULL, NULL, NULL, NULL),
	(214, 'Y', 'Y', 'Y', 'Y', 'Y', 698, 3, NULL, '권한 복사 from 사용자 IDX : 1', NULL, 'mice4@example.com', '2024-08-28 09:09:45', NULL, 'mice3@example.com', '2024-10-30 23:31:45', NULL, NULL, NULL, NULL, NULL),
	(215, 'Y', 'Y', 'Y', 'Y', 'Y', 699, 6, NULL, '권한 복사 from 사용자 IDX : 1', NULL, 'mice3@example.com', '2024-08-28 09:46:09', NULL, 'john.doe@example.com', '2024-10-30 23:54:27', NULL, NULL, NULL, NULL, NULL),
	(216, 'Y', 'Y', 'Y', 'Y', 'Y', 700, 6, NULL, '권한 복사 from 사용자 IDX : 1', NULL, 'mice3@example.com', '2024-08-28 09:53:02', NULL, 'john.doe@example.com', '2024-10-30 23:54:27', NULL, NULL, NULL, NULL, NULL),
	(217, 'Y', 'Y', 'Y', 'Y', 'Y', 698, 10, NULL, '권한 복사 from 사용자 IDX : 1', NULL, 'john.doe@example.com', '2024-08-30 13:57:49', NULL, 'john.doe@example.com', '2024-09-06 16:15:11', NULL, NULL, NULL, NULL, NULL),
	(218, 'Y', 'Y', 'Y', 'Y', 'Y', 699, 10, NULL, '권한 복사 from 사용자 IDX : 1', NULL, 'john.doe@example.com', '2024-08-30 13:57:49', NULL, 'john.doe@example.com', '2024-09-06 16:15:11', NULL, NULL, NULL, NULL, NULL),
	(219, 'Y', 'Y', 'Y', 'Y', 'Y', 700, 10, NULL, '권한 복사 from 사용자 IDX : 1', NULL, 'john.doe@example.com', '2024-08-30 13:57:49', NULL, 'john.doe@example.com', '2024-09-06 16:15:11', NULL, NULL, NULL, NULL, NULL),
	(222, 'N', 'N', 'N', 'N', 'N', 700, 13, NULL, NULL, NULL, NULL, NULL, NULL, NULL, NULL, NULL, NULL, NULL, NULL, NULL),
	(223, 'Y', 'Y', 'Y', 'Y', 'Y', 700, 11, NULL, '권한 복사 from 사용자 IDX : 1', NULL, 'john.doe@example.com', '2024-09-05 11:06:01', NULL, 'john.doe@example.com', '2024-09-05 11:06:01', NULL, NULL, NULL, NULL, NULL),
	(224, 'N', 'N', 'N', 'N', 'N', 700, 12, NULL, NULL, NULL, NULL, NULL, NULL, NULL, NULL, NULL, NULL, NULL, NULL, NULL),
	(225, 'Y', 'Y', 'Y', 'Y', 'Y', 700, 3, NULL, '권한 복사 from 사용자 IDX : 1', NULL, 'mice4@example.com', '2024-08-29 19:08:17', NULL, 'mice3@example.com', '2024-10-30 23:31:45', NULL, NULL, NULL, NULL, NULL),
	(226, 'Y', 'Y', 'N', 'N', 'N', 700, 16, NULL, NULL, NULL, 'john.doe@example.com', '2024-09-13 10:22:55', NULL, 'mice4@example.com', '2024-09-30 09:30:12', NULL, NULL, NULL, NULL, NULL),
	(227, 'Y', 'Y', 'Y', 'Y', 'Y', 701, 3, NULL, '권한 복사 from 사용자 IDX : 1', NULL, 'mice4@example.com', '2024-09-06 16:24:41', NULL, 'mice3@example.com', '2024-10-30 23:31:45', NULL, NULL, NULL, NULL, NULL),
	(228, 'Y', 'Y', 'Y', 'Y', 'Y', 702, 3, NULL, '권한 복사 from 사용자 IDX : 1', NULL, 'mice4@example.com', '2024-09-06 16:24:41', NULL, 'mice3@example.com', '2024-10-30 23:31:45', NULL, NULL, NULL, NULL, NULL),
	(231, 'Y', 'Y', 'Y', 'Y', 'Y', 701, 9, NULL, '권한 복사 from 사용자 IDX : 1', NULL, 'john.doe@example.com', '2024-08-30 13:56:39', NULL, 'john.doe@example.com', '2024-09-06 16:15:24', NULL, NULL, NULL, NULL, NULL),
	(232, 'Y', 'Y', 'Y', 'Y', 'Y', 702, 9, NULL, '권한 복사 from 사용자 IDX : 1', NULL, 'john.doe@example.com', '2024-08-30 13:56:39', NULL, 'john.doe@example.com', '2024-09-06 16:15:24', NULL, NULL, NULL, NULL, NULL),
	(233, 'Y', 'Y', 'Y', 'Y', 'Y', 700, 9, NULL, '권한 복사 from 사용자 IDX : 1', NULL, 'john.doe@example.com', '2024-08-30 13:56:39', NULL, 'john.doe@example.com', '2024-09-06 16:15:24', NULL, NULL, NULL, NULL, NULL),
	(234, 'Y', 'Y', 'Y', 'Y', 'Y', 701, 5, NULL, '권한 복사 from 사용자 IDX : 1', NULL, 'john.doe@example.com', '2024-08-30 13:57:12', NULL, 'john.doe@example.com', '2024-09-06 16:15:55', NULL, NULL, NULL, NULL, NULL),
	(235, 'Y', 'Y', 'Y', 'Y', 'Y', 702, 5, NULL, '권한 복사 from 사용자 IDX : 1', NULL, 'john.doe@example.com', '2024-08-30 13:57:12', NULL, 'john.doe@example.com', '2024-09-06 16:15:55', NULL, NULL, NULL, NULL, NULL),
	(236, 'Y', 'Y', 'Y', 'Y', 'Y', 700, 5, NULL, '권한 복사 from 사용자 IDX : 1', NULL, 'john.doe@example.com', '2024-08-30 13:57:13', NULL, 'john.doe@example.com', '2024-09-06 16:15:55', NULL, NULL, NULL, NULL, NULL),
	(238, 'N', 'N', 'N', 'N', 'N', 8, 2, NULL, NULL, NULL, NULL, NULL, NULL, NULL, NULL, NULL, NULL, NULL, NULL, NULL),
	(239, 'N', 'N', 'N', 'N', 'N', 701, 2, NULL, NULL, NULL, NULL, NULL, NULL, NULL, NULL, NULL, NULL, NULL, NULL, NULL),
	(240, 'N', 'N', 'N', 'N', 'N', 702, 2, NULL, NULL, NULL, NULL, NULL, NULL, NULL, NULL, NULL, NULL, NULL, NULL, NULL),
	(241, 'N', 'N', 'N', 'N', 'N', 693, 2, NULL, NULL, NULL, NULL, NULL, NULL, NULL, NULL, NULL, NULL, NULL, NULL, NULL),
	(242, 'N', 'N', 'N', 'N', 'N', 694, 2, NULL, NULL, NULL, NULL, NULL, NULL, NULL, NULL, NULL, NULL, NULL, NULL, NULL),
	(243, 'N', 'N', 'N', 'N', 'N', 696, 2, NULL, NULL, NULL, NULL, NULL, NULL, NULL, NULL, NULL, NULL, NULL, NULL, NULL),
	(244, 'N', 'N', 'N', 'N', 'N', 697, 2, NULL, NULL, NULL, NULL, NULL, NULL, NULL, NULL, NULL, NULL, NULL, NULL, NULL),
	(245, 'N', 'N', 'N', 'N', 'N', 700, 2, NULL, NULL, NULL, NULL, NULL, NULL, NULL, NULL, NULL, NULL, NULL, NULL, NULL),
	(246, 'Y', 'Y', 'Y', 'Y', 'Y', 701, 7, NULL, '권한 복사 from 사용자 IDX : 3', NULL, 'mice4@example.com', '2024-08-30 13:57:40', NULL, 'mice3@example.com', '2024-10-30 23:31:00', NULL, NULL, NULL, NULL, NULL),
	(247, 'Y', 'Y', 'Y', 'Y', 'Y', 702, 7, NULL, '권한 복사 from 사용자 IDX : 3', NULL, 'mice4@example.com', '2024-08-30 13:57:40', NULL, 'mice3@example.com', '2024-10-30 23:31:00', NULL, NULL, NULL, NULL, NULL),
	(248, 'Y', 'Y', 'Y', 'Y', 'Y', 700, 7, NULL, '권한 복사 from 사용자 IDX : 3', NULL, 'mice4@example.com', '2024-08-30 13:57:40', NULL, 'mice3@example.com', '2024-10-30 23:31:00', NULL, NULL, NULL, NULL, NULL),
	(249, 'Y', 'Y', 'Y', 'Y', 'Y', 701, 10, NULL, '권한 복사 from 사용자 IDX : 1', NULL, 'john.doe@example.com', '2024-08-30 13:57:50', NULL, 'john.doe@example.com', '2024-09-06 16:15:11', NULL, NULL, NULL, NULL, NULL),
	(250, 'Y', 'Y', 'Y', 'Y', 'Y', 702, 10, NULL, '권한 복사 from 사용자 IDX : 1', NULL, 'john.doe@example.com', '2024-08-30 13:57:50', NULL, 'john.doe@example.com', '2024-09-06 16:15:11', NULL, NULL, NULL, NULL, NULL),
	(251, 'Y', 'Y', 'Y', 'Y', 'Y', 701, 11, NULL, '권한 복사 from 사용자 IDX : 1', NULL, 'john.doe@example.com', '2024-09-05 11:06:01', NULL, 'john.doe@example.com', '2024-09-05 11:06:01', NULL, NULL, NULL, NULL, NULL),
	(252, 'Y', 'Y', 'Y', 'Y', 'Y', 702, 11, NULL, '권한 복사 from 사용자 IDX : 1', NULL, 'john.doe@example.com', '2024-09-05 11:06:01', NULL, 'john.doe@example.com', '2024-09-05 11:06:01', NULL, NULL, NULL, NULL, NULL),
	(254, 'Y', 'Y', 'Y', 'Y', 'Y', 701, 6, NULL, '권한 복사 from 사용자 IDX : 1', NULL, 'mice3@example.com', '2024-09-05 11:06:07', NULL, 'john.doe@example.com', '2024-10-30 23:54:27', NULL, NULL, NULL, NULL, NULL),
	(255, 'Y', 'Y', 'Y', 'Y', 'Y', 702, 6, NULL, '권한 복사 from 사용자 IDX : 1', NULL, 'mice3@example.com', '2024-09-05 11:06:07', NULL, 'john.doe@example.com', '2024-10-30 23:54:27', NULL, NULL, NULL, NULL, NULL),
	(256, 'Y', 'Y', 'Y', 'Y', 'Y', 703, 6, NULL, '권한 복사 from 사용자 IDX : 1', NULL, 'mice3@example.com', '2024-09-05 11:06:07', NULL, 'john.doe@example.com', '2024-10-30 23:54:27', NULL, NULL, NULL, NULL, NULL),
	(257, 'Y', 'Y', 'Y', 'Y', 'Y', 703, 3, NULL, '권한 복사 from 사용자 IDX : 1', NULL, 'mice4@example.com', '2024-09-06 16:24:41', NULL, 'mice3@example.com', '2024-10-30 23:31:45', NULL, NULL, NULL, NULL, NULL),
	(258, 'Y', 'Y', 'Y', 'Y', 'Y', 704, 3, NULL, '권한 복사 from 사용자 IDX : 1', NULL, 'mice4@example.com', '2024-09-06 16:24:41', NULL, 'mice3@example.com', '2024-10-30 23:31:45', NULL, NULL, NULL, NULL, NULL),
	(260, 'Y', 'Y', 'Y', 'Y', 'Y', 704, 10, NULL, '권한 복사 from 사용자 IDX : 1', NULL, 'john.doe@example.com', '2024-09-05 11:05:51', NULL, 'john.doe@example.com', '2024-09-06 16:15:11', NULL, NULL, NULL, NULL, NULL),
	(261, 'Y', 'Y', 'Y', 'Y', 'Y', 703, 10, NULL, '권한 복사 from 사용자 IDX : 1', NULL, 'john.doe@example.com', '2024-09-05 11:05:51', NULL, 'john.doe@example.com', '2024-09-06 16:15:11', NULL, NULL, NULL, NULL, NULL),
	(262, 'Y', 'Y', 'Y', 'Y', 'Y', 704, 7, NULL, '권한 복사 from 사용자 IDX : 3', NULL, 'mice4@example.com', '2024-09-05 11:05:39', NULL, 'mice3@example.com', '2024-10-30 23:31:00', NULL, NULL, NULL, NULL, NULL),
	(263, 'Y', 'Y', 'Y', 'Y', 'Y', 703, 7, NULL, '권한 복사 from 사용자 IDX : 3', NULL, 'mice4@example.com', '2024-09-05 11:05:40', NULL, 'mice3@example.com', '2024-10-30 23:31:00', NULL, NULL, NULL, NULL, NULL),
	(264, 'Y', 'Y', 'Y', 'Y', 'Y', 702, 8, NULL, '권한 복사 from 사용자 IDX : 7', NULL, 'john.doe@example.com', '2024-09-05 11:05:46', NULL, 'andrew.kang@example.com', '2024-10-04 13:38:08', NULL, NULL, NULL, NULL, NULL),
	(265, 'Y', 'Y', 'Y', 'Y', 'Y', 701, 8, NULL, '권한 복사 from 사용자 IDX : 7', NULL, 'john.doe@example.com', '2024-09-05 11:05:46', NULL, 'andrew.kang@example.com', '2024-10-04 13:38:08', NULL, NULL, NULL, NULL, NULL),
	(266, 'Y', 'Y', 'Y', 'Y', 'Y', 700, 8, NULL, '권한 복사 from 사용자 IDX : 7', NULL, 'john.doe@example.com', '2024-09-05 11:05:46', NULL, 'andrew.kang@example.com', '2024-10-04 13:38:08', NULL, NULL, NULL, NULL, NULL),
	(267, 'Y', 'Y', 'Y', 'Y', 'Y', 704, 8, NULL, '권한 복사 from 사용자 IDX : 7', NULL, 'john.doe@example.com', '2024-09-05 11:05:46', NULL, 'andrew.kang@example.com', '2024-10-04 13:38:08', NULL, NULL, NULL, NULL, NULL),
	(268, 'Y', 'Y', 'Y', 'Y', 'Y', 703, 8, NULL, '권한 복사 from 사용자 IDX : 7', NULL, 'john.doe@example.com', '2024-09-05 11:05:46', NULL, 'andrew.kang@example.com', '2024-10-04 13:38:08', NULL, NULL, NULL, NULL, NULL),
	(269, 'Y', 'Y', 'Y', 'Y', 'Y', 704, 11, NULL, '권한 복사 from 사용자 IDX : 1', NULL, 'john.doe@example.com', '2024-09-05 11:06:01', NULL, 'john.doe@example.com', '2024-09-05 11:06:01', NULL, NULL, NULL, NULL, NULL),
	(270, 'Y', 'Y', 'Y', 'Y', 'Y', 703, 11, NULL, '권한 복사 from 사용자 IDX : 1', NULL, 'john.doe@example.com', '2024-09-05 11:06:01', NULL, 'john.doe@example.com', '2024-09-05 11:06:01', NULL, NULL, NULL, NULL, NULL),
	(271, 'Y', 'Y', 'Y', 'Y', 'Y', 704, 6, NULL, '권한 복사 from 사용자 IDX : 1', NULL, 'mice3@example.com', '2024-09-05 11:06:07', NULL, 'john.doe@example.com', '2024-10-30 23:54:27', NULL, NULL, NULL, NULL, NULL),
	(272, 'Y', 'Y', 'Y', 'Y', 'Y', 702, 4, NULL, '권한 복사 from 사용자 IDX : 1', NULL, 'john.doe@example.com', '2024-09-05 11:06:14', NULL, 'john.doe@example.com', '2024-09-06 16:16:16', NULL, NULL, NULL, NULL, NULL),
	(273, 'Y', 'Y', 'Y', 'Y', 'Y', 701, 4, NULL, '권한 복사 from 사용자 IDX : 1', NULL, 'john.doe@example.com', '2024-09-05 11:06:14', NULL, 'john.doe@example.com', '2024-09-06 16:16:16', NULL, NULL, NULL, NULL, NULL),
	(274, 'Y', 'Y', 'Y', 'Y', 'Y', 700, 4, NULL, '권한 복사 from 사용자 IDX : 1', NULL, 'john.doe@example.com', '2024-09-05 11:06:14', NULL, 'john.doe@example.com', '2024-09-06 16:16:16', NULL, NULL, NULL, NULL, NULL),
	(275, 'Y', 'Y', 'Y', 'Y', 'Y', 704, 4, NULL, '권한 복사 from 사용자 IDX : 1', NULL, 'john.doe@example.com', '2024-09-05 11:06:14', NULL, 'john.doe@example.com', '2024-09-06 16:16:16', NULL, NULL, NULL, NULL, NULL),
	(276, 'Y', 'Y', 'Y', 'Y', 'Y', 703, 4, NULL, '권한 복사 from 사용자 IDX : 1', NULL, 'john.doe@example.com', '2024-09-05 11:06:14', NULL, 'john.doe@example.com', '2024-09-06 16:16:17', NULL, NULL, NULL, NULL, NULL),
	(277, 'Y', 'Y', 'Y', 'Y', 'Y', 704, 5, NULL, '권한 복사 from 사용자 IDX : 1', NULL, 'john.doe@example.com', '2024-09-05 11:06:21', NULL, 'john.doe@example.com', '2024-09-06 16:15:55', NULL, NULL, NULL, NULL, NULL),
	(278, 'Y', 'Y', 'Y', 'Y', 'Y', 703, 5, NULL, '권한 복사 from 사용자 IDX : 1', NULL, 'john.doe@example.com', '2024-09-05 11:06:21', NULL, 'john.doe@example.com', '2024-09-06 16:15:56', NULL, NULL, NULL, NULL, NULL),
	(280, 'Y', 'N', 'N', 'N', 'N', 1, 17, NULL, NULL, NULL, 'andrew.kang@example.com', '2024-09-30 13:33:53', NULL, 'andrew.kang@example.com', '2024-09-30 13:33:53', NULL, NULL, NULL, NULL, NULL),
	(281, 'Y', 'N', 'N', 'N', 'N', 2, 17, NULL, NULL, NULL, 'andrew.kang@example.com', '2024-09-30 13:33:53', NULL, 'andrew.kang@example.com', '2024-09-30 13:33:53', NULL, NULL, NULL, NULL, NULL),
	(282, 'Y', 'N', 'N', 'N', 'N', 3, 17, NULL, NULL, NULL, 'andrew.kang@example.com', '2024-09-30 13:33:53', NULL, 'andrew.kang@example.com', '2024-09-30 13:33:53', NULL, NULL, NULL, NULL, NULL),
	(283, 'Y', 'N', 'N', 'N', 'N', 4, 17, NULL, NULL, NULL, 'andrew.kang@example.com', '2024-09-30 13:33:53', NULL, 'andrew.kang@example.com', '2024-09-30 13:33:53', NULL, NULL, NULL, NULL, NULL),
	(284, 'Y', 'N', 'N', 'N', 'N', 5, 17, NULL, NULL, NULL, 'andrew.kang@example.com', '2024-09-30 13:33:53', NULL, 'andrew.kang@example.com', '2024-09-30 13:33:53', NULL, NULL, NULL, NULL, NULL),
	(285, 'Y', 'N', 'N', 'N', 'N', 6, 17, NULL, NULL, NULL, 'andrew.kang@example.com', '2024-09-30 13:33:53', NULL, 'andrew.kang@example.com', '2024-09-30 13:33:53', NULL, NULL, NULL, NULL, NULL),
	(287, 'Y', 'N', 'N', 'N', 'N', 8, 17, NULL, NULL, NULL, 'andrew.kang@example.com', '2024-09-30 13:33:53', NULL, 'andrew.kang@example.com', '2024-09-30 13:33:53', NULL, NULL, NULL, NULL, NULL),
	(288, 'Y', 'N', 'N', 'N', 'N', 702, 17, NULL, NULL, NULL, 'andrew.kang@example.com', '2024-09-30 13:33:53', NULL, 'andrew.kang@example.com', '2024-09-30 13:33:53', NULL, NULL, NULL, NULL, NULL),
	(289, 'Y', 'N', 'N', 'N', 'N', 701, 17, NULL, NULL, NULL, 'andrew.kang@example.com', '2024-09-30 13:33:53', NULL, 'andrew.kang@example.com', '2024-09-30 13:33:53', NULL, NULL, NULL, NULL, NULL),
	(290, 'Y', 'N', 'N', 'N', 'N', 693, 17, NULL, NULL, NULL, 'andrew.kang@example.com', '2024-09-30 13:33:53', NULL, 'andrew.kang@example.com', '2024-09-30 13:33:53', NULL, NULL, NULL, NULL, NULL),
	(291, 'Y', 'N', 'N', 'N', 'N', 694, 17, NULL, NULL, NULL, 'andrew.kang@example.com', '2024-09-30 13:33:53', NULL, 'andrew.kang@example.com', '2024-09-30 13:33:53', NULL, NULL, NULL, NULL, NULL),
	(292, 'Y', 'N', 'N', 'N', 'N', 696, 17, NULL, NULL, NULL, 'andrew.kang@example.com', '2024-09-30 13:33:53', NULL, 'andrew.kang@example.com', '2024-09-30 13:33:53', NULL, NULL, NULL, NULL, NULL),
	(293, 'Y', 'N', 'N', 'N', 'N', 697, 17, NULL, NULL, NULL, 'andrew.kang@example.com', '2024-09-30 13:33:53', NULL, 'andrew.kang@example.com', '2024-09-30 13:33:53', NULL, NULL, NULL, NULL, NULL),
	(294, 'Y', 'N', 'N', 'N', 'N', 700, 17, NULL, NULL, NULL, 'andrew.kang@example.com', '2024-09-30 13:33:53', NULL, 'andrew.kang@example.com', '2024-09-30 13:33:53', NULL, NULL, NULL, NULL, NULL),
	(295, 'Y', 'N', 'N', 'N', 'N', 704, 17, NULL, NULL, NULL, 'andrew.kang@example.com', '2024-09-30 13:33:53', NULL, 'andrew.kang@example.com', '2024-09-30 13:33:53', NULL, NULL, NULL, NULL, NULL),
	(296, 'Y', 'N', 'N', 'N', 'N', 705, 17, NULL, NULL, NULL, 'andrew.kang@example.com', '2024-09-30 13:33:53', NULL, 'andrew.kang@example.com', '2024-09-30 13:33:53', NULL, NULL, NULL, NULL, NULL),
	(297, 'Y', 'N', 'N', 'N', 'N', 703, 17, NULL, NULL, NULL, 'andrew.kang@example.com', '2024-09-30 13:33:53', NULL, 'andrew.kang@example.com', '2024-09-30 13:33:53', NULL, NULL, NULL, NULL, NULL),
	(299, 'Y', 'Y', 'Y', 'Y', 'Y', 705, 6, NULL, NULL, NULL, 'mice3@example.com', '2024-09-05 22:53:57', NULL, 'john.doe@example.com', '2024-10-30 23:54:27', NULL, NULL, NULL, NULL, NULL),
	(300, 'Y', 'Y', 'N', 'N', 'N', 702, 16, NULL, NULL, NULL, 'john.doe@example.com', '2024-09-13 10:22:55', NULL, 'mice4@example.com', '2024-09-30 09:30:12', NULL, NULL, NULL, NULL, NULL),
	(301, 'Y', 'Y', 'N', 'N', 'N', 701, 16, NULL, NULL, NULL, 'john.doe@example.com', '2024-09-13 10:22:55', NULL, 'mice4@example.com', '2024-09-30 09:30:12', NULL, NULL, NULL, NULL, NULL),
	(303, 'Y', 'Y', 'N', 'N', 'N', 704, 16, NULL, NULL, NULL, 'john.doe@example.com', '2024-09-13 10:22:55', NULL, 'mice4@example.com', '2024-09-30 09:30:12', NULL, NULL, NULL, NULL, NULL),
	(304, 'Y', 'Y', 'N', 'N', 'N', 705, 16, NULL, NULL, NULL, 'john.doe@example.com', '2024-09-13 10:22:55', NULL, 'mice4@example.com', '2024-09-30 09:30:12', NULL, NULL, NULL, NULL, NULL),
	(305, 'Y', 'Y', 'N', 'N', 'N', 703, 16, NULL, NULL, NULL, 'john.doe@example.com', '2024-09-13 10:22:55', NULL, 'mice4@example.com', '2024-09-30 09:30:12', NULL, NULL, NULL, NULL, NULL),
	(307, 'Y', 'Y', 'Y', 'Y', 'Y', 705, 7, NULL, '권한 복사 from 사용자 IDX : 3', NULL, 'mice4@example.com', '2024-09-06 16:18:00', NULL, 'mice3@example.com', '2024-10-30 23:31:00', NULL, NULL, NULL, NULL, NULL),
	(310, 'Y', 'Y', 'Y', 'Y', 'Y', 705, 10, NULL, '권한 복사 from 사용자 IDX : 1', NULL, 'john.doe@example.com', '2024-09-06 16:12:49', NULL, 'john.doe@example.com', '2024-09-06 16:15:11', NULL, NULL, NULL, NULL, NULL),
	(312, 'Y', 'Y', 'Y', 'Y', 'Y', 704, 9, NULL, '권한 복사 from 사용자 IDX : 1', NULL, 'john.doe@example.com', '2024-09-06 16:15:24', NULL, 'john.doe@example.com', '2024-09-06 16:15:24', NULL, NULL, NULL, NULL, NULL),
	(313, 'Y', 'Y', 'Y', 'Y', 'Y', 705, 9, NULL, '권한 복사 from 사용자 IDX : 1', NULL, 'john.doe@example.com', '2024-09-06 16:15:24', NULL, 'john.doe@example.com', '2024-09-06 16:15:24', NULL, NULL, NULL, NULL, NULL),
	(314, 'Y', 'Y', 'Y', 'Y', 'Y', 703, 9, NULL, '권한 복사 from 사용자 IDX : 1', NULL, 'john.doe@example.com', '2024-09-06 16:15:24', NULL, 'john.doe@example.com', '2024-09-06 16:15:24', NULL, NULL, NULL, NULL, NULL),
	(316, 'Y', 'Y', 'Y', 'Y', 'Y', 705, 8, NULL, '권한 복사 from 사용자 IDX : 7', NULL, 'john.doe@example.com', '2024-09-06 16:15:40', NULL, 'andrew.kang@example.com', '2024-10-04 13:38:08', NULL, NULL, NULL, NULL, NULL),
	(318, 'Y', 'Y', 'Y', 'Y', 'Y', 705, 5, NULL, '권한 복사 from 사용자 IDX : 1', NULL, 'john.doe@example.com', '2024-09-06 16:15:56', NULL, 'john.doe@example.com', '2024-09-06 16:15:56', NULL, NULL, NULL, NULL, NULL),
	(320, 'Y', 'Y', 'Y', 'Y', 'Y', 705, 4, NULL, '권한 복사 from 사용자 IDX : 1', NULL, 'john.doe@example.com', '2024-09-06 16:16:17', NULL, 'john.doe@example.com', '2024-09-06 16:16:17', NULL, NULL, NULL, NULL, NULL),
	(322, 'Y', 'Y', 'Y', 'Y', 'Y', 705, 3, NULL, '권한 복사 from 사용자 IDX : 1', NULL, 'mice4@example.com', '2024-09-06 16:24:41', NULL, 'mice3@example.com', '2024-10-30 23:31:45', NULL, NULL, NULL, NULL, NULL),
	(324, 'N', 'N', 'N', 'N', 'N', 705, 11, NULL, NULL, NULL, NULL, NULL, NULL, NULL, NULL, NULL, NULL, NULL, NULL, NULL),
	(327, 'N', 'N', 'N', 'N', 'N', 704, 2, NULL, NULL, NULL, NULL, NULL, NULL, NULL, NULL, NULL, NULL, NULL, NULL, NULL),
	(328, 'N', 'N', 'N', 'N', 'N', 705, 2, NULL, NULL, NULL, NULL, NULL, NULL, NULL, NULL, NULL, NULL, NULL, NULL, NULL),
	(329, 'N', 'N', 'N', 'N', 'N', 703, 2, NULL, NULL, NULL, NULL, NULL, NULL, NULL, NULL, NULL, NULL, NULL, NULL, NULL),
	(330, 'Y', 'Y', 'Y', 'Y', 'Y', 1, 1, NULL, NULL, NULL, 'andrew.kang@example.com', '2024-09-30 00:19:49', NULL, 'mice3@example.com', '2024-10-30 23:31:24', NULL, NULL, NULL, NULL, NULL),
	(331, 'Y', 'Y', 'Y', 'Y', 'Y', 2, 1, NULL, NULL, NULL, 'andrew.kang@example.com', '2024-09-30 00:19:49', NULL, 'mice3@example.com', '2024-10-30 23:31:24', NULL, NULL, NULL, NULL, NULL),
	(332, 'Y', 'Y', 'Y', 'Y', 'Y', 3, 1, NULL, NULL, NULL, 'andrew.kang@example.com', '2024-09-30 00:19:49', NULL, 'mice3@example.com', '2024-10-30 23:31:24', NULL, NULL, NULL, NULL, NULL),
	(333, 'Y', 'Y', 'Y', 'Y', 'Y', 4, 1, NULL, NULL, NULL, 'andrew.kang@example.com', '2024-09-30 00:19:49', NULL, 'mice3@example.com', '2024-10-30 23:31:24', NULL, NULL, NULL, NULL, NULL),
	(334, 'Y', 'Y', 'Y', 'Y', 'Y', 5, 1, NULL, NULL, NULL, 'andrew.kang@example.com', '2024-09-30 00:19:49', NULL, 'mice3@example.com', '2024-10-30 23:31:24', NULL, NULL, NULL, NULL, NULL),
	(335, 'Y', 'Y', 'Y', 'Y', 'Y', 6, 1, NULL, NULL, NULL, 'andrew.kang@example.com', '2024-09-30 00:19:49', NULL, 'mice3@example.com', '2024-10-30 23:31:24', NULL, NULL, NULL, NULL, NULL),
	(337, 'Y', 'Y', 'Y', 'Y', 'Y', 8, 1, NULL, NULL, NULL, 'andrew.kang@example.com', '2024-09-30 00:19:49', NULL, 'mice3@example.com', '2024-10-30 23:31:24', NULL, NULL, NULL, NULL, NULL),
	(338, 'Y', 'Y', 'Y', 'Y', 'Y', 702, 1, NULL, NULL, NULL, 'andrew.kang@example.com', '2024-09-30 00:19:49', NULL, 'mice3@example.com', '2024-10-30 23:31:24', NULL, NULL, NULL, NULL, NULL),
	(339, 'Y', 'Y', 'Y', 'Y', 'Y', 701, 1, NULL, NULL, NULL, 'andrew.kang@example.com', '2024-09-30 00:19:49', NULL, 'mice3@example.com', '2024-10-30 23:31:24', NULL, NULL, NULL, NULL, NULL),
	(340, 'Y', 'Y', 'Y', 'Y', 'Y', 693, 1, NULL, NULL, NULL, 'andrew.kang@example.com', '2024-09-30 00:19:49', NULL, 'mice3@example.com', '2024-10-30 23:31:24', NULL, NULL, NULL, NULL, NULL),
	(341, 'Y', 'Y', 'Y', 'Y', 'Y', 694, 1, NULL, NULL, NULL, 'andrew.kang@example.com', '2024-09-30 00:19:49', NULL, 'mice3@example.com', '2024-10-30 23:31:24', NULL, NULL, NULL, NULL, NULL),
	(343, 'Y', 'Y', 'Y', 'Y', 'Y', 696, 1, NULL, NULL, NULL, 'andrew.kang@example.com', '2024-09-30 00:19:49', NULL, 'mice3@example.com', '2024-10-30 23:31:24', NULL, NULL, NULL, NULL, NULL),
	(344, 'Y', 'Y', 'Y', 'Y', 'Y', 697, 1, NULL, NULL, NULL, 'andrew.kang@example.com', '2024-09-30 00:19:49', NULL, 'mice3@example.com', '2024-10-30 23:31:24', NULL, NULL, NULL, NULL, NULL),
	(345, 'Y', 'Y', 'Y', 'Y', 'Y', 700, 1, NULL, NULL, NULL, 'andrew.kang@example.com', '2024-09-30 00:19:49', NULL, 'mice3@example.com', '2024-10-30 23:31:24', NULL, NULL, NULL, NULL, NULL),
	(346, 'Y', 'Y', 'Y', 'Y', 'Y', 704, 1, NULL, NULL, NULL, 'andrew.kang@example.com', '2024-09-30 00:19:49', NULL, 'mice3@example.com', '2024-10-30 23:31:24', NULL, NULL, NULL, NULL, NULL),
	(347, 'Y', 'Y', 'Y', 'Y', 'Y', 705, 1, NULL, NULL, NULL, 'andrew.kang@example.com', '2024-09-30 00:19:49', NULL, 'mice3@example.com', '2024-10-30 23:31:24', NULL, NULL, NULL, NULL, NULL),
	(348, 'Y', 'Y', 'Y', 'Y', 'Y', 703, 1, NULL, NULL, NULL, 'andrew.kang@example.com', '2024-09-30 00:19:49', NULL, 'mice3@example.com', '2024-10-30 23:31:24', NULL, NULL, NULL, NULL, NULL),
	(349, 'Y', 'Y', 'Y', 'Y', 'Y', 7, 7, NULL, '권한 복사 from 사용자 IDX : 3', NULL, 'mice4@example.com', '2024-09-30 01:23:16', NULL, 'mice3@example.com', '2024-10-30 23:31:00', NULL, NULL, NULL, NULL, NULL),
	(350, 'Y', 'Y', 'Y', 'Y', 'Y', 7, 3, NULL, '권한 복사 from 사용자 IDX : 1', NULL, 'mice4@example.com', '2024-09-30 01:23:42', NULL, 'mice3@example.com', '2024-10-30 23:31:45', NULL, NULL, NULL, NULL, NULL),
	(351, 'Y', 'N', 'N', 'N', 'N', 7, 17, NULL, NULL, NULL, 'andrew.kang@example.com', '2024-09-30 13:33:53', NULL, 'andrew.kang@example.com', '2024-09-30 13:33:53', NULL, NULL, NULL, NULL, NULL),
	(352, 'N', 'Y', 'N', 'N', 'N', 7, 16, NULL, NULL, NULL, 'mice4@example.com', '2024-09-30 09:30:12', NULL, 'mice4@example.com', '2024-09-30 09:30:12', NULL, NULL, NULL, NULL, NULL),
	(353, 'N', 'N', 'N', 'N', 'N', 695, 17, NULL, NULL, NULL, NULL, NULL, NULL, NULL, NULL, NULL, NULL, NULL, NULL, NULL),
	(354, 'N', 'N', 'N', 'N', 'N', 7, 6, NULL, NULL, NULL, 'mice3@example.com', '2024-10-30 23:32:13', NULL, 'john.doe@example.com', '2024-10-30 23:54:27', NULL, NULL, NULL, NULL, NULL),
	(355, 'Y', 'Y', 'Y', 'Y', 'Y', 7, 8, NULL, '권한 복사 from 사용자 IDX : 7', NULL, 'andrew.kang@example.com', '2024-10-04 13:38:08', NULL, 'andrew.kang@example.com', '2024-10-04 13:38:08', NULL, NULL, NULL, NULL, NULL),
	(356, 'Y', 'Y', 'Y', 'Y', 'Y', 7, 1, NULL, NULL, NULL, 'andrew.kang@example.com', '2024-10-30 23:28:12', NULL, 'mice3@example.com', '2024-10-30 23:31:25', NULL, NULL, NULL, NULL, NULL),
	(357, 'Y', 'Y', 'Y', 'Y', 'Y', 695, 1, NULL, NULL, NULL, 'andrew.kang@example.com', '2024-10-30 23:28:12', NULL, 'mice3@example.com', '2024-10-30 23:31:25', NULL, NULL, NULL, NULL, NULL),
	(358, 'N', 'N', 'N', 'N', 'N', 7, 9, NULL, NULL, NULL, NULL, NULL, NULL, NULL, NULL, NULL, NULL, NULL, NULL, NULL);

/*!40103 SET TIME_ZONE=IFNULL(@OLD_TIME_ZONE, 'system') */;
/*!40101 SET SQL_MODE=IFNULL(@OLD_SQL_MODE, '') */;
/*!40014 SET FOREIGN_KEY_CHECKS=IFNULL(@OLD_FOREIGN_KEY_CHECKS, 1) */;
/*!40101 SET CHARACTER_SET_CLIENT=@OLD_CHARACTER_SET_CLIENT */;
/*!40111 SET SQL_NOTES=IFNULL(@OLD_SQL_NOTES, 1) */;
